latitude,longitude,year,month,day,type,basisOfRecord,gbifID,occurrenceID,system:time_start,geometry
16.86384,-88.32351,2014.0,6.0,11.0,PhysicalObject,PRESERVED_SPECIMEN,919440936,urn:catalog:MSU:MR:MR.20960,2014-06-11T00:00:00,POINT (-88.32351 16.86384)
18.08333,-88.56667,2014.0,6.0,10.0,PhysicalObject,PRESERVED_SPECIMEN,919434640,urn:catalog:MSU:MR:MR.12386,2014-06-10T00:00:00,POINT (-88.56667 18.08333)
15.88379,-88.18333,2014.0,6.0,10.0,PhysicalObject,PRESERVED_SPECIMEN,919430431,urn:catalog:MSU:MR:MR.21128,2014-06-10T00:00:00,POINT (-88.18333 15.88379)
18.08333,-89.63333,2010.0,5.0,17.0,PhysicalObject,PRESERVED_SPECIMEN,919425843,urn:catalog:MSU:MR:MR.2876,2010-05-17T00:00:00,POINT (-89.63333 18.08333)
15.88379,-88.18333,1949.0,9.0,2.0,PhysicalObject,PRESERVED_SPECIMEN,919425568,urn:catalog:MSU:MR:MR.21129,1949-09-02T00:00:00,POINT (-88.18333 15.88379)
9.95,-84.0,1940.0,3.0,22.0,,PRESERVED_SPECIMEN,865739381,,1940-03-22T00:00:00,POINT (-84 9.95)
10.96808,-85.05,2008.0,12.0,31.0,,PRESERVED_SPECIMEN,686473093,8f84e97e-1ed8-11e3-bfac-90b11c41863e,2008-12-31T00:00:00,POINT (-85.05 10.96808)
19.4589749,-89.7312683,1953.0,5.0,15.0,,PRESERVED_SPECIMEN,686425813,8d391c8a-1ed8-11e3-bfac-90b11c41863e,1953-05-15T00:00:00,POINT (-89.7312683 19.4589749)
14.0988548,-84.546704,2004.0,1.0,25.0,,PRESERVED_SPECIMEN,686425272,8d363d8a-1ed8-11e3-bfac-90b11c41863e,2004-01-25T00:00:00,POINT (-84.546704 14.0988548)
18.6073477,-90.2190558,1954.0,6.0,1.0,,PRESERVED_SPECIMEN,686422818,8d2007cd-1ed8-11e3-bfac-90b11c41863e,1954-06-01T00:00:00,POINT (-90.2190558 18.6073477)
18.5042993,-89.022082,1972.0,1.0,1.0,,PRESERVED_SPECIMEN,686422817,8d20004d-1ed8-11e3-bfac-90b11c41863e,1972-01-01T00:00:00,POINT (-89.022082 18.5042993)
11.29392,-85.76667,2024.0,7.0,31.0,,PRESERVED_SPECIMEN,686401089,8c20c9e3-1ed8-11e3-bfac-90b11c41863e,2024-07-31T00:00:00,POINT (-85.76667 11.29392)
12.9117993,-87.5006408,2024.0,5.0,16.0,,PRESERVED_SPECIMEN,686401088,8c20c6c4-1ed8-11e3-bfac-90b11c41863e,2024-05-16T00:00:00,POINT (-87.5006408 12.9117993)
16.7096591,-91.0651821,2024.0,12.0,7.0,Physical Object,PRESERVED_SPECIMEN,583510162,urn:catalog:CAS:MAM:20855,2024-12-07T00:00:00,POINT (-91.0651821 16.7096591)
16.96667,-88.21667,2024.0,11.0,28.0,Physical Object,PRESERVED_SPECIMEN,583493380,urn:catalog:CAS:MAM:16108,2024-11-28T00:00:00,POINT (-88.21667 16.96667)
16.883917,-88.204865,2024.0,12.0,2.0,,HUMAN_OBSERVATION,5063502537,https://www.inaturalist.org/observations/259603267,2024-12-02T00:00:00,POINT (-88.204865 16.883917)
18.273293,-91.671752,2024.0,9.0,27.0,,HUMAN_OBSERVATION,5063343523,https://www.inaturalist.org/observations/259264187,2024-09-27T00:00:00,POINT (-91.671752 18.273293)
18.224597,-91.764116,2024.0,9.0,11.0,,HUMAN_OBSERVATION,5063291489,https://www.inaturalist.org/observations/259264810,2024-09-11T00:00:00,POINT (-91.764116 18.224597)
16.687943,-88.507527,2024.0,12.0,2.0,,HUMAN_OBSERVATION,5063257971,https://www.inaturalist.org/observations/259193614,2024-12-02T00:00:00,POINT (-88.507527 16.687943)
18.293175,-91.655693,2024.0,11.0,7.0,,HUMAN_OBSERVATION,5063188680,https://www.inaturalist.org/observations/258970955,2024-11-07T00:00:00,POINT (-91.655693 18.293175)
18.240223,-91.680832,2024.0,11.0,30.0,,HUMAN_OBSERVATION,5063183695,https://www.inaturalist.org/observations/258970978,2024-11-30T00:00:00,POINT (-91.680832 18.240223)
18.322923,-91.73054,2024.0,8.0,6.0,,HUMAN_OBSERVATION,5063135991,https://www.inaturalist.org/observations/258844865,2024-08-06T00:00:00,POINT (-91.73054 18.322923)
18.269947,-91.617247,2024.0,10.0,11.0,,HUMAN_OBSERVATION,5063110980,https://www.inaturalist.org/observations/258857324,2024-10-11T00:00:00,POINT (-91.617247 18.269947)
21.482563,-88.011731,2024.0,10.0,11.0,,HUMAN_OBSERVATION,5063106109,https://www.inaturalist.org/observations/258879447,2024-10-11T00:00:00,POINT (-88.011731 21.482563)
18.231158,-91.797632,2023.0,5.0,28.0,,HUMAN_OBSERVATION,5063094766,https://www.inaturalist.org/observations/258844845,2023-05-28T00:00:00,POINT (-91.797632 18.231158)
18.394844,-91.699065,2023.0,9.0,23.0,,HUMAN_OBSERVATION,5063085929,https://www.inaturalist.org/observations/258844938,2023-09-23T00:00:00,POINT (-91.699065 18.394844)
17.206373,-90.322029,2024.0,10.0,9.0,,HUMAN_OBSERVATION,5008211624,https://www.inaturalist.org/observations/237203207,2024-10-09T00:00:00,POINT (-90.322029 17.206373)
17.081363,-89.581336,2024.0,10.0,2.0,,HUMAN_OBSERVATION,5008191582,https://www.inaturalist.org/observations/174392115,2024-10-02T00:00:00,POINT (-89.581336 17.081363)
10.585793,-83.457551,2024.0,9.0,7.0,,HUMAN_OBSERVATION,5007495022,https://www.inaturalist.org/observations/256939843,2024-09-07T00:00:00,POINT (-83.457551 10.585793)
17.282048,-89.439184,2024.0,9.0,26.0,,HUMAN_OBSERVATION,5007335947,https://www.inaturalist.org/observations/255446973,2024-09-26T00:00:00,POINT (-89.439184 17.282048)
10.966667,-83.666667,2024.0,9.0,26.0,,PRESERVED_SPECIMEN,5004107585,NRM:Mammals:595281,2024-09-26T00:00:00,POINT (-83.666667 10.966667)
16.10332,-90.8972,2024.0,7.0,24.0,,HUMAN_OBSERVATION,4994581048,https://www.inaturalist.org/observations/254075767,2024-07-24T00:00:00,POINT (-90.8972 16.10332)
17.586916,-88.682772,2024.0,3.0,10.0,,HUMAN_OBSERVATION,4994325650,https://www.inaturalist.org/observations/254430321,2024-03-10T00:00:00,POINT (-88.682772 17.586916)
18.753083,-88.304012,2024.0,8.0,30.0,,HUMAN_OBSERVATION,4994292317,https://www.inaturalist.org/observations/253747943,2024-08-30T00:00:00,POINT (-88.304012 18.753083)
21.534191,-88.103932,2024.0,7.0,9.0,,HUMAN_OBSERVATION,4994073913,https://www.inaturalist.org/observations/253900863,2024-07-09T00:00:00,POINT (-88.103932 21.534191)
18.694144,-90.30194,2024.0,8.0,12.0,,HUMAN_OBSERVATION,4993907860,https://www.inaturalist.org/observations/244419293,2024-08-12T00:00:00,POINT (-90.30194 18.694144)
17.963972,-89.523448,2024.0,7.0,24.0,,HUMAN_OBSERVATION,4993907797,https://www.inaturalist.org/observations/242186733,2024-07-24T00:00:00,POINT (-89.523448 17.963972)
10.808229,-85.741867,2024.0,7.0,3.0,,HUMAN_OBSERVATION,4993874078,https://www.inaturalist.org/observations/253959842,2024-07-03T00:00:00,POINT (-85.741867 10.808229)
19.432121,-88.191421,2024.0,2.0,9.0,,HUMAN_OBSERVATION,4993799999,https://www.inaturalist.org/observations/253961891,2024-02-09T00:00:00,POINT (-88.191421 19.432121)
18.716978,-88.367963,2024.0,7.0,25.0,,HUMAN_OBSERVATION,4993745702,https://www.inaturalist.org/observations/253748826,2024-07-25T00:00:00,POINT (-88.367963 18.716978)
18.106916,-91.895464,2024.0,7.0,19.0,,HUMAN_OBSERVATION,4974301865,https://www.inaturalist.org/observations/247794221,2024-07-19T00:00:00,POINT (-91.895464 18.106916)
17.276831,-89.13056,2024.0,7.0,22.0,,HUMAN_OBSERVATION,4974201698,https://www.inaturalist.org/observations/247324680,2024-07-22T00:00:00,POINT (-89.13056 17.276831)
10.454945,-83.484608,2024.0,3.0,11.0,,HUMAN_OBSERVATION,4974144521,https://www.inaturalist.org/observations/247868379,2024-03-11T00:00:00,POINT (-83.484608 10.454945)
10.762941,-85.343174,2023.0,10.0,11.0,,MACHINE_OBSERVATION,4958340979,2023ICEFG2687,2023-10-11T00:00:00,POINT (-85.343174 10.762941)
10.819316,-85.4147,2024.0,3.0,18.0,,MACHINE_OBSERVATION,4958340649,2023ICEFG2254,2024-03-18T00:00:00,POINT (-85.4147 10.819316)
10.819316,-85.4147,2021.0,7.0,17.0,,MACHINE_OBSERVATION,4958339978,2023ICEFG2161,2021-07-17T00:00:00,POINT (-85.4147 10.819316)
10.819316,-85.4147,2024.0,7.0,21.0,,MACHINE_OBSERVATION,4958339153,2023ICEFG2092,2024-07-21T00:00:00,POINT (-85.4147 10.819316)
10.69997,-85.176346,2024.0,7.0,11.0,,HUMAN_OBSERVATION,4958338476,2023ICEFG244,2024-07-11T00:00:00,POINT (-85.176346 10.69997)
10.69997,-85.176346,2018.0,6.0,23.0,,MACHINE_OBSERVATION,4958338457,2023ICEFG253,2018-06-23T00:00:00,POINT (-85.176346 10.69997)
11.103291,-85.567751,2024.0,5.0,25.0,,HUMAN_OBSERVATION,4954402701,https://www.inaturalist.org/observations/246505193,2024-05-25T00:00:00,POINT (-85.567751 11.103291)
17.541013,-89.347824,2018.0,4.0,7.0,,HUMAN_OBSERVATION,4954331926,https://www.inaturalist.org/observations/247408556,2018-04-07T00:00:00,POINT (-89.347824 17.541013)
19.930023,-90.221494,2018.0,4.0,8.0,,HUMAN_OBSERVATION,4952733052,https://www.inaturalist.org/observations/245692909,2018-04-08T00:00:00,POINT (-90.221494 19.930023)
17.413242,-89.325484,2024.0,5.0,27.0,,HUMAN_OBSERVATION,4952427005,https://www.inaturalist.org/observations/244482119,2024-05-27T00:00:00,POINT (-89.325484 17.413242)
17.561397,-89.275557,2021.0,5.0,15.0,,HUMAN_OBSERVATION,4952239250,https://www.inaturalist.org/observations/244482019,2021-05-15T00:00:00,POINT (-89.275557 17.561397)
17.402835,-92.759672,2009.0,8.0,19.0,,HUMAN_OBSERVATION,4950009937,https://www.inaturalist.org/observations/243853698,2009-08-19T00:00:00,POINT (-92.759672 17.402835)
17.649528,-89.355643,2019.0,2.0,20.0,,HUMAN_OBSERVATION,4946510861,https://www.inaturalist.org/observations/204107253,2019-02-20T00:00:00,POINT (-89.355643 17.649528)
10.452461,-83.403606,2019.0,5.0,7.0,,HUMAN_OBSERVATION,4946252441,https://www.inaturalist.org/observations/241041300,2019-05-07T00:00:00,POINT (-83.403606 10.452461)
16.531852,-88.615341,2019.0,2.0,20.0,,HUMAN_OBSERVATION,4936995027,https://www.inaturalist.org/observations/239288619,2019-02-20T00:00:00,POINT (-88.615341 16.531852)
17.261773,-89.262314,2019.0,2.0,20.0,,HUMAN_OBSERVATION,4921845423,https://www.inaturalist.org/observations/232881924,2019-02-20T00:00:00,POINT (-89.262314 17.261773)
17.279645,-89.247287,2019.0,4.0,1.0,,HUMAN_OBSERVATION,4921783448,https://www.inaturalist.org/observations/232882795,2019-04-01T00:00:00,POINT (-89.247287 17.279645)
10.839945,-84.675464,2019.0,2.0,28.0,,HUMAN_OBSERVATION,4919313352,https://www.inaturalist.org/observations/203063973,2019-02-28T00:00:00,POINT (-84.675464 10.839945)
10.704329,-85.655421,2022.0,4.0,24.0,,HUMAN_OBSERVATION,4919271563,https://www.inaturalist.org/observations/225581466,2022-04-24T00:00:00,POINT (-85.655421 10.704329)
17.281997,-90.149844,2022.0,4.0,24.0,,HUMAN_OBSERVATION,4910809165,https://www.inaturalist.org/observations/231061975,2022-04-24T00:00:00,POINT (-90.149844 17.281997)
18.461737,-89.408135,2022.0,5.0,16.0,,HUMAN_OBSERVATION,4910704387,https://www.inaturalist.org/observations/230907616,2022-05-16T00:00:00,POINT (-89.408135 18.461737)
10.69378,-85.667942,2019.0,2.0,20.0,,HUMAN_OBSERVATION,4908737241,https://www.inaturalist.org/observations/228760330,2019-02-20T00:00:00,POINT (-85.667942 10.69378)
10.411646,-83.45606,2019.0,5.0,31.0,,HUMAN_OBSERVATION,4901983386,https://www.inaturalist.org/observations/221161925,2019-05-31T00:00:00,POINT (-83.45606 10.411646)
8.73978,-83.765998,2022.0,4.0,11.0,,HUMAN_OBSERVATION,4901930207,https://www.inaturalist.org/observations/222692152,2022-04-11T00:00:00,POINT (-83.765998 8.73978)
8.78439,-83.7266,2019.0,4.0,1.0,,HUMAN_OBSERVATION,4900980426,https://www.inaturalist.org/observations/222690556,2019-04-01T00:00:00,POINT (-83.7266 8.78439)
17.325928,-89.264284,2020.0,5.0,23.0,,HUMAN_OBSERVATION,4900865068,https://www.inaturalist.org/observations/218798825,2020-05-23T00:00:00,POINT (-89.264284 17.325928)
8.74807,-83.40155,2021.0,5.0,19.0,Fotograf{02200030.JPG,MACHINE_OBSERVATION,4875687891,02200030.JPG/DDC/fonafifo,2021-05-19T00:00:00,POINT (-83.40155 8.74807)
8.67738,-83.58411,2022.0,4.0,10.0,Video,MACHINE_OBSERVATION,4875687421,05070018.MP4/DDC/fonafifo,2022-04-10T00:00:00,POINT (-83.58411 8.67738)
8.74807,-83.40155,2019.0,4.0,26.0,Fotograf{02200028.JPG,MACHINE_OBSERVATION,4875686049,02200028.JPG/DDC/fonafifo,2019-04-26T00:00:00,POINT (-83.40155 8.74807)
10.72969,-85.58463,2021.0,9.0,22.0,Fotograf{04130210.JPG,MACHINE_OBSERVATION,4875683268,04130210.JPG/DDC/fonafifo,2021-09-22T00:00:00,POINT (-85.58463 10.72969)
10.738537,-85.572084,2021.0,3.0,16.0,Fotograf{05160554.JPG,MACHINE_OBSERVATION,4875682920,05160554.JPG/DDC/fonafifo,2021-03-16T00:00:00,POINT (-85.572084 10.738537)
10.738537,-85.572084,2019.0,4.0,17.0,Fotograf{04100128.JPG,MACHINE_OBSERVATION,4875682781,04100128.JPG/DDC/fonafifo,2019-04-17T00:00:00,POINT (-85.572084 10.738537)
8.68927,-83.5835,2022.0,5.0,16.0,Fotograf{EK000029.JPG,MACHINE_OBSERVATION,4875676134,EK000029.JPG/DDC/fonafifo_2313,2022-05-16T00:00:00,POINT (-83.5835 8.68927)
8.74807,-83.40155,2021.0,5.0,14.0,Fotograf{02200015.JPG,MACHINE_OBSERVATION,4875676081,02200015.JPG/DDC/fonafifo,2021-05-14T00:00:00,POINT (-83.40155 8.74807)
8.68927,-83.5835,2019.0,5.0,31.0,Fotograf{EK000016.JPG,MACHINE_OBSERVATION,4875675766,EK000016.JPG/DDC/fonafifo_2300,2019-05-31T00:00:00,POINT (-83.5835 8.68927)
10.763197,-85.560203,2019.0,7.0,6.0,Fotograf{04110094.JPG,MACHINE_OBSERVATION,4875675642,04110094.JPG/DDC/fonafifo,2019-07-06T00:00:00,POINT (-85.560203 10.763197)
8.68927,-83.5835,2022.0,4.0,24.0,Fotograf{EK000016.JPG,MACHINE_OBSERVATION,4875673220,EK000016.JPG/DDC/fonafifo_2161,2022-04-24T00:00:00,POINT (-83.5835 8.68927)
10.738537,-85.572084,2022.0,4.0,11.0,Fotograf{04240341.JPG,MACHINE_OBSERVATION,4875673096,04240341.JPG/DDC/fonafifo,2022-04-11T00:00:00,POINT (-85.572084 10.738537)
10.738537,-85.572084,2022.0,5.0,16.0,Fotograf{04240342.JPG,MACHINE_OBSERVATION,4875673028,04240342.JPG/DDC/fonafifo,2022-05-16T00:00:00,POINT (-85.572084 10.738537)
10.72969,-85.58463,2022.0,12.0,23.0,Fotograf{04130208.JPG,MACHINE_OBSERVATION,4875669717,04130208.JPG/DDC/fonafifo,2022-12-23T00:00:00,POINT (-85.58463 10.72969)
10.738537,-85.572084,2019.0,2.0,20.0,Fotograf{05160556.JPG,MACHINE_OBSERVATION,4875668229,05160556.JPG/DDC/fonafifo,2019-02-20T00:00:00,POINT (-85.572084 10.738537)
8.74807,-83.40155,2019.0,7.0,4.0,Fotograf{02200014.JPG,MACHINE_OBSERVATION,4875667699,02200014.JPG/DDC/fonafifo,2019-07-04T00:00:00,POINT (-83.40155 8.74807)
8.68927,-83.5835,2019.0,4.0,17.0,Fotograf{EK000028.JPG,MACHINE_OBSERVATION,4875667535,EK000028.JPG/DDC/fonafifo_2312,2019-04-17T00:00:00,POINT (-83.5835 8.68927)
8.74807,-83.40155,2019.0,2.0,20.0,Fotograf{05310320.JPG,MACHINE_OBSERVATION,4875664667,05310320.JPG/DDC/fonafifo,2019-02-20T00:00:00,POINT (-83.40155 8.74807)
10.763197,-85.560203,2019.0,4.0,26.0,Fotograf{04110095.JPG,MACHINE_OBSERVATION,4875664485,04110095.JPG/DDC/fonafifo,2019-04-26T00:00:00,POINT (-85.560203 10.763197)
8.68927,-83.5835,2022.0,4.0,10.0,Fotograf{EK000017.JPG,MACHINE_OBSERVATION,4875663097,EK000017.JPG/DDC/fonafifo_2301,2022-04-10T00:00:00,POINT (-83.5835 8.68927)
10.726964,-85.5949,2019.0,4.0,11.0,Video,MACHINE_OBSERVATION,4875662614,05230346.MP4/DDC/fonafifo,2019-04-11T00:00:00,POINT (-85.5949 10.726964)
8.68927,-83.5835,2022.0,5.0,16.0,Fotograf{EK000017.JPG,MACHINE_OBSERVATION,4875661053,EK000017.JPG/DDC/fonafifo_2162,2022-05-16T00:00:00,POINT (-83.5835 8.68927)
8.68927,-83.5835,2019.0,4.0,26.0,Fotograf{EK000030.JPG,MACHINE_OBSERVATION,4875660942,EK000030.JPG/DDC/fonafifo_2314,2019-04-26T00:00:00,POINT (-83.5835 8.68927)
10.726964,-85.5949,2022.0,4.0,13.0,Video,MACHINE_OBSERVATION,4875660689,05190467.MP4/DDC/fonafifo,2022-04-13T00:00:00,POINT (-85.5949 10.726964)
10.738537,-85.572084,2019.0,4.0,26.0,Fotograf{04100129.JPG,MACHINE_OBSERVATION,4875659283,04100129.JPG/DDC/fonafifo,2019-04-26T00:00:00,POINT (-85.572084 10.738537)
8.74807,-83.40155,2019.0,7.0,4.0,Fotograf{04260042.JPG,MACHINE_OBSERVATION,4875658766,04260042.JPG/DDC/fonafifo,2019-07-04T00:00:00,POINT (-83.40155 8.74807)
10.726964,-85.5949,2019.0,5.0,31.0,Video,MACHINE_OBSERVATION,4875656255,09220892.MP4/DDC/fonafifo,2019-05-31T00:00:00,POINT (-85.5949 10.726964)
8.704,-83.55255,2019.0,2.0,28.0,Video,MACHINE_OBSERVATION,4875655688,03160039.MP4/DDC/fonafifo,2019-02-28T00:00:00,POINT (-83.55255 8.704)
8.74807,-83.40155,2019.0,7.0,4.0,Fotograf{04170139.JPG,MACHINE_OBSERVATION,4875655476,04170139.JPG/DDC/fonafifo,2019-07-04T00:00:00,POINT (-83.40155 8.74807)
10.738537,-85.572084,2019.0,4.0,26.0,Fotograf{05160557.JPG,MACHINE_OBSERVATION,4875649933,05160557.JPG/DDC/fonafifo,2019-04-26T00:00:00,POINT (-85.572084 10.738537)
10.726964,-85.5949,2019.0,4.0,1.0,Video,MACHINE_OBSERVATION,4875646739,05140411.MP4/DDC/fonafifo,2019-04-01T00:00:00,POINT (-85.5949 10.726964)
8.74807,-83.40155,2022.0,5.0,16.0,Fotograf{05310321.JPG,MACHINE_OBSERVATION,4875645104,05310321.JPG/DDC/fonafifo,2022-05-16T00:00:00,POINT (-83.40155 8.74807)
8.70394,-83.55246,2019.0,4.0,17.0,Video,MACHINE_OBSERVATION,4875644847,07060711.MP4/DDC/fonafifo,2019-04-17T00:00:00,POINT (-83.55246 8.70394)
10.738537,-85.572084,2021.0,5.0,14.0,Fotograf{04240340.JPG,MACHINE_OBSERVATION,4875644785,04240340.JPG/DDC/fonafifo,2021-05-14T00:00:00,POINT (-85.572084 10.738537)
10.763197,-85.560203,2024.0,5.0,13.0,Fotograf{04110096.JPG,MACHINE_OBSERVATION,4875644647,04110096.JPG/DDC/fonafifo,2024-05-13T00:00:00,POINT (-85.560203 10.763197)
10.738537,-85.572084,2024.0,4.0,8.0,Fotograf{05160558.JPG,MACHINE_OBSERVATION,4875644172,05160558.JPG/DDC/fonafifo,2024-04-08T00:00:00,POINT (-85.572084 10.738537)
10.73641,-85.57318,2023.0,8.0,13.0,Video,MACHINE_OBSERVATION,4875644168,12230021.MP4/DDC/fonafifo,2023-08-13T00:00:00,POINT (-85.57318 10.73641)
8.74807,-83.40155,2023.0,4.0,17.0,Fotograf{02200013.JPG,MACHINE_OBSERVATION,4875644061,02200013.JPG/DDC/fonafifo,2023-04-17T00:00:00,POINT (-83.40155 8.74807)
8.70394,-83.55246,2023.0,5.0,30.0,Video,MACHINE_OBSERVATION,4875643621,07040629.MP4/DDC/fonafifo,2023-05-30T00:00:00,POINT (-83.55246 8.70394)
8.74807,-83.40155,2023.0,5.0,13.0,Fotograf{04170141.JPG,MACHINE_OBSERVATION,4875642913,04170141.JPG/DDC/fonafifo,2023-05-13T00:00:00,POINT (-83.40155 8.74807)
8.74807,-83.40155,2023.0,7.0,23.0,Fotograf{02200029.JPG,MACHINE_OBSERVATION,4875641448,02200029.JPG/DDC/fonafifo,2023-07-23T00:00:00,POINT (-83.40155 8.74807)
8.74807,-83.40155,2023.0,2.0,25.0,Fotograf{04260041.JPG,MACHINE_OBSERVATION,4875638750,04260041.JPG/DDC/fonafifo,2023-02-25T00:00:00,POINT (-83.40155 8.74807)
10.738537,-85.572084,2023.0,7.0,13.0,Fotograf{04100127.JPG,MACHINE_OBSERVATION,4875638658,04100127.JPG/DDC/fonafifo,2023-07-13T00:00:00,POINT (-85.572084 10.738537)
8.67738,-83.58411,2023.0,6.0,2.0,Video,MACHINE_OBSERVATION,4875637924,04110027.MP4/DDC/fonafifo,2023-06-02T00:00:00,POINT (-83.58411 8.67738)
10.738537,-85.572084,2023.0,8.0,7.0,Fotograf{05160555.JPG,MACHINE_OBSERVATION,4875637862,05160555.JPG/DDC/fonafifo,2023-08-07T00:00:00,POINT (-85.572084 10.738537)
8.74807,-83.40155,2023.0,2.0,28.0,Fotograf{04260200.JPG,MACHINE_OBSERVATION,4875637858,04260200.JPG/DDC/fonafifo,2023-02-28T00:00:00,POINT (-83.40155 8.74807)
10.72969,-85.58463,2023.0,5.0,30.0,Fotograf{04130209.JPG,MACHINE_OBSERVATION,4875636580,04130209.JPG/DDC/fonafifo,2023-05-30T00:00:00,POINT (-85.58463 10.72969)
8.74807,-83.40155,2023.0,9.0,4.0,Fotograf{04260201.JPG,MACHINE_OBSERVATION,4875635562,04260201.JPG/DDC/fonafifo,2023-09-04T00:00:00,POINT (-83.40155 8.74807)
8.70394,-83.55246,2023.0,1.0,18.0,Video,MACHINE_OBSERVATION,4875632989,07040627.MP4/DDC/fonafifo,2023-01-18T00:00:00,POINT (-83.55246 8.70394)
8.74807,-83.40155,2023.0,5.0,10.0,Fotograf{05310322.JPG,MACHINE_OBSERVATION,4875632429,05310322.JPG/DDC/fonafifo,2023-05-10T00:00:00,POINT (-83.40155 8.74807)
8.68927,-83.5835,2023.0,4.0,29.0,Fotograf{EK000018.JPG,MACHINE_OBSERVATION,4875630828,EK000018.JPG/DDC/fonafifo_2163,2023-04-29T00:00:00,POINT (-83.5835 8.68927)
8.70394,-83.55246,2023.0,2.0,24.0,Video,MACHINE_OBSERVATION,4875628959,07040628.MP4/DDC/fonafifo,2023-02-24T00:00:00,POINT (-83.55246 8.70394)
8.74807,-83.40155,2023.0,3.0,4.0,Fotograf{04260199.JPG,MACHINE_OBSERVATION,4875628779,04260199.JPG/DDC/fonafifo,2023-03-04T00:00:00,POINT (-83.40155 8.74807)
8.68927,-83.5835,2023.0,3.0,4.0,Fotograf{EK000018.JPG,MACHINE_OBSERVATION,4875628684,EK000018.JPG/DDC/fonafifo_2302,2023-03-04T00:00:00,POINT (-83.5835 8.68927)
10.738537,-85.572084,2023.0,1.0,27.0,Fotograf{05160553.JPG,MACHINE_OBSERVATION,4875628228,05160553.JPG/DDC/fonafifo,2023-01-27T00:00:00,POINT (-85.572084 10.738537)
8.74807,-83.40155,2023.0,6.0,27.0,Fotograf{04170140.JPG,MACHINE_OBSERVATION,4875628046,04170140.JPG/DDC/fonafifo,2023-06-27T00:00:00,POINT (-83.40155 8.74807)
10.726964,-85.5949,2023.0,10.0,21.0,Video,MACHINE_OBSERVATION,4875627828,05140412.MP4/DDC/fonafifo,2023-10-21T00:00:00,POINT (-85.5949 10.726964)
16.091204,-90.891915,2024.0,3.0,19.0,,HUMAN_OBSERVATION,4863550992,https://www.inaturalist.org/observations/214790890,2024-03-19T00:00:00,POINT (-90.891915 16.091204)
17.891654,-89.548375,2021.0,4.0,10.0,,HUMAN_OBSERVATION,4855247883,https://www.inaturalist.org/observations/213325578,2021-04-10T00:00:00,POINT (-89.548375 17.891654)
17.369527,-89.504643,2024.0,3.0,3.0,,HUMAN_OBSERVATION,4855040475,https://www.inaturalist.org/observations/213177391,2024-03-03T00:00:00,POINT (-89.504643 17.369527)
17.992404,-89.433595,2023.0,10.0,25.0,,HUMAN_OBSERVATION,4855036774,https://www.inaturalist.org/observations/213325509,2023-10-25T00:00:00,POINT (-89.433595 17.992404)
17.457022,-89.392291,1960.0,8.0,20.0,,HUMAN_OBSERVATION,4854914339,https://www.inaturalist.org/observations/213322793,1960-08-20T00:00:00,POINT (-89.392291 17.457022)
10.70885,-85.623591,2024.0,2.0,9.0,,HUMAN_OBSERVATION,4853092759,https://www.inaturalist.org/observations/210312578,2024-02-09T00:00:00,POINT (-85.623591 10.70885)
17.119499,-88.893873,2024.0,2.0,9.0,,HUMAN_OBSERVATION,4851916900,https://www.inaturalist.org/observations/208126944,2024-02-09T00:00:00,POINT (-88.893873 17.119499)
17.56088,-90.010382,2024.0,2.0,28.0,,HUMAN_OBSERVATION,4847061793,https://www.inaturalist.org/observations/154746762,2024-02-28T00:00:00,POINT (-90.010382 17.56088)
15.72263,-90.3291,2024.0,2.0,8.0,,PRESERVED_SPECIMEN,476849460,MCZ:Mamm:62916,2024-02-08T00:00:00,POINT (-90.3291 15.72263)
20.54222,-89.34441,2024.0,2.0,4.0,,PRESERVED_SPECIMEN,476845143,MCZ:Mamm:47823,2024-02-04T00:00:00,POINT (-89.34441 20.54222)
18.8,-89.366667,2024.0,1.0,30.0,,OCCURRENCE,46264538,,2024-01-30T00:00:00,POINT (-89.366667 18.8)
18.16,-90.071667,2024.0,2.0,1.0,,OCCURRENCE,46264536,,2024-02-01T00:00:00,POINT (-90.071667 18.16)
18.16,-90.071667,2007.0,4.0,9.0,,OCCURRENCE,46264534,,2007-04-09T00:00:00,POINT (-90.071667 18.16)
18.16,-90.071667,2024.0,2.0,17.0,,OCCURRENCE,46264531,,2024-02-17T00:00:00,POINT (-90.071667 18.16)
18.16,-90.071667,2024.0,1.0,1.0,,OCCURRENCE,46264527,,2024-01-01T00:00:00,POINT (-90.071667 18.16)
18.16,-90.071667,2024.0,2.0,6.0,,OCCURRENCE,46264518,,2024-02-06T00:00:00,POINT (-90.071667 18.16)
18.16,-90.071667,2024.0,2.0,8.0,,OCCURRENCE,46264515,,2024-02-08T00:00:00,POINT (-90.071667 18.16)
18.16,-90.071667,2024.0,1.0,14.0,,OCCURRENCE,46264505,,2024-01-14T00:00:00,POINT (-90.071667 18.16)
18.16,-90.071667,2024.0,1.0,26.0,,OCCURRENCE,46264503,,2024-01-26T00:00:00,POINT (-90.071667 18.16)
18.16,-90.071667,2019.0,8.0,2.0,,OCCURRENCE,46264495,,2019-08-02T00:00:00,POINT (-90.071667 18.16)
18.16,-90.071667,2024.0,1.0,7.0,,OCCURRENCE,46264492,,2024-01-07T00:00:00,POINT (-90.071667 18.16)
18.16,-90.071667,2023.0,10.0,11.0,,OCCURRENCE,46264476,,2023-10-11T00:00:00,POINT (-90.071667 18.16)
18.16,-90.071667,2024.0,1.0,5.0,,OCCURRENCE,46264473,,2024-01-05T00:00:00,POINT (-90.071667 18.16)
18.16,-90.071667,2023.0,2.0,8.0,,OCCURRENCE,46264456,,2023-02-08T00:00:00,POINT (-90.071667 18.16)
18.16,-90.071667,2023.0,12.0,15.0,,OCCURRENCE,46264430,,2023-12-15T00:00:00,POINT (-90.071667 18.16)
18.16,-90.071667,2023.0,3.0,4.0,,OCCURRENCE,46264427,,2023-03-04T00:00:00,POINT (-90.071667 18.16)
18.16,-90.071667,2023.0,12.0,12.0,,OCCURRENCE,46264415,,2023-12-12T00:00:00,POINT (-90.071667 18.16)
18.16,-90.071667,2013.0,9.0,13.0,,OCCURRENCE,46264269,,2013-09-13T00:00:00,POINT (-90.071667 18.16)
18.16,-90.071667,2023.0,12.0,7.0,,OCCURRENCE,46264267,,2023-12-07T00:00:00,POINT (-90.071667 18.16)
18.16,-90.071667,2023.0,12.0,2.0,,OCCURRENCE,46264264,,2023-12-02T00:00:00,POINT (-90.071667 18.16)
18.16,-90.071667,2023.0,12.0,2.0,,OCCURRENCE,46264255,,2023-12-02T00:00:00,POINT (-90.071667 18.16)
18.16,-90.071667,2023.0,11.0,13.0,,OCCURRENCE,46264247,,2023-11-13T00:00:00,POINT (-90.071667 18.16)
18.16,-90.071667,2023.0,10.0,26.0,,OCCURRENCE,46264245,,2023-10-26T00:00:00,POINT (-90.071667 18.16)
18.16,-90.071667,2019.0,3.0,28.0,,OCCURRENCE,46264243,,2019-03-28T00:00:00,POINT (-90.071667 18.16)
18.16,-90.071667,2019.0,3.0,15.0,,OCCURRENCE,46264234,,2019-03-15T00:00:00,POINT (-90.071667 18.16)
18.16,-90.071667,2022.0,1.0,4.0,,OCCURRENCE,46264232,,2022-01-04T00:00:00,POINT (-90.071667 18.16)
18.16,-90.071667,2023.0,10.0,25.0,,OCCURRENCE,46264219,,2023-10-25T00:00:00,POINT (-90.071667 18.16)
18.16,-90.071667,2023.0,10.0,25.0,,OCCURRENCE,46264217,,2023-10-25T00:00:00,POINT (-90.071667 18.16)
19.807778,-88.608889,2023.0,10.0,25.0,,OCCURRENCE,46264121,,2023-10-25T00:00:00,POINT (-88.608889 19.807778)
19.807778,-88.608889,2023.0,10.0,25.0,,OCCURRENCE,46264106,,2023-10-25T00:00:00,POINT (-88.608889 19.807778)
18.425833,-88.779722,2023.0,10.0,25.0,,OCCURRENCE,46263431,,2023-10-25T00:00:00,POINT (-88.779722 18.425833)
18.505278,-89.395,2022.0,4.0,21.0,,OCCURRENCE,46263068,,2022-04-21T00:00:00,POINT (-89.395 18.505278)
16.097222,-90.970833,2023.0,8.0,2.0,,OCCURRENCE,46262539,,2023-08-02T00:00:00,POINT (-90.970833 16.097222)
18.535145,-89.02719,2023.0,7.0,20.0,,HUMAN_OBSERVATION,4607474555,https://www.inaturalist.org/observations/205476291,2023-07-20T00:00:00,POINT (-89.02719 18.535145)
17.030636,-88.473386,2023.0,10.0,11.0,,HUMAN_OBSERVATION,4606778518,https://www.inaturalist.org/observations/206167826,2023-10-11T00:00:00,POINT (-88.473386 17.030636)
10.32483,-84.754684,2023.0,10.0,1.0,,HUMAN_OBSERVATION,4600125347,https://www.inaturalist.org/observations/203744908,2023-10-01T00:00:00,POINT (-84.754684 10.32483)
10.22839,-84.655167,2023.0,10.0,10.0,,HUMAN_OBSERVATION,4599973338,https://www.inaturalist.org/observations/203744668,2023-10-10T00:00:00,POINT (-84.655167 10.22839)
17.236288,-89.521629,2023.0,10.0,4.0,,HUMAN_OBSERVATION,4599900667,https://www.inaturalist.org/observations/203511589,2023-10-04T00:00:00,POINT (-89.521629 17.236288)
10.26186,-84.084341,2022.0,6.0,6.0,,HUMAN_OBSERVATION,4599885498,https://www.inaturalist.org/observations/203474687,2022-06-06T00:00:00,POINT (-84.084341 10.26186)
18.102417,-91.871343,2023.0,1.0,13.0,,HUMAN_OBSERVATION,4597461835,https://www.inaturalist.org/observations/202430240,2023-01-13T00:00:00,POINT (-91.871343 18.102417)
17.483313,-89.130816,2023.0,8.0,31.0,,HUMAN_OBSERVATION,4596816446,https://www.inaturalist.org/observations/190424437,2023-08-31T00:00:00,POINT (-89.130816 17.483313)
16.8,-88.317,2023.0,4.0,16.0,PhysicalObject,PRESERVED_SPECIMEN,45882585,urn:catalog:LSUMZ:Mammals:8652,2023-04-16T00:00:00,POINT (-88.317 16.8)
17.55,-89.094,2023.0,9.0,21.0,PhysicalObject,PRESERVED_SPECIMEN,45882539,urn:catalog:LSUMZ:Mammals:7292,2023-09-21T00:00:00,POINT (-89.094 17.55)
10.556402,-83.449484,2023.0,9.0,20.0,,HUMAN_OBSERVATION,4536012323,https://www.inaturalist.org/observations/201020269,2023-09-20T00:00:00,POINT (-83.449484 10.556402)
10.469183,-83.548497,2023.0,9.0,21.0,,HUMAN_OBSERVATION,4535995319,https://www.inaturalist.org/observations/201020268,2023-09-21T00:00:00,POINT (-83.548497 10.469183)
17.22647,-89.614736,2023.0,9.0,21.0,,HUMAN_OBSERVATION,4535928587,https://www.inaturalist.org/observations/200773375,2023-09-21T00:00:00,POINT (-89.614736 17.22647)
10.454353,-83.563344,2023.0,9.0,21.0,,HUMAN_OBSERVATION,4535915192,https://www.inaturalist.org/observations/200988301,2023-09-21T00:00:00,POINT (-83.563344 10.454353)
17.395114,-89.755975,2023.0,9.0,5.0,,HUMAN_OBSERVATION,4535890072,https://www.inaturalist.org/observations/198773686,2023-09-05T00:00:00,POINT (-89.755975 17.395114)
20.511856,-87.396833,2023.0,4.0,12.0,,HUMAN_OBSERVATION,4535884200,https://www.inaturalist.org/observations/200256759,2023-04-12T00:00:00,POINT (-87.396833 20.511856)
17.406011,-89.900343,2023.0,4.0,12.0,,HUMAN_OBSERVATION,4535874158,https://www.inaturalist.org/observations/198507983,2023-04-12T00:00:00,POINT (-89.900343 17.406011)
17.18668,-89.909225,2023.0,8.0,16.0,,HUMAN_OBSERVATION,4535654618,https://www.inaturalist.org/observations/200775021,2023-08-16T00:00:00,POINT (-89.909225 17.18668)
10.467856,-83.579157,2023.0,8.0,10.0,,HUMAN_OBSERVATION,4535636065,https://www.inaturalist.org/observations/198161765,2023-08-10T00:00:00,POINT (-83.579157 10.467856)
10.449497,-83.566878,2023.0,8.0,15.0,,HUMAN_OBSERVATION,4535633078,https://www.inaturalist.org/observations/198266764,2023-08-15T00:00:00,POINT (-83.566878 10.449497)
10.260415,-84.19855,2023.0,8.0,16.0,,HUMAN_OBSERVATION,4528295809,https://www.inaturalist.org/observations/200425646,2023-08-16T00:00:00,POINT (-84.19855 10.260415)
17.320643,-88.594024,2023.0,7.0,14.0,,HUMAN_OBSERVATION,4525328296,https://www.inaturalist.org/observations/199920301,2023-07-14T00:00:00,POINT (-88.594024 17.320643)
8.466594,-83.565366,2021.0,4.0,18.0,,HUMAN_OBSERVATION,4525010759,https://www.inaturalist.org/observations/198678313,2021-04-18T00:00:00,POINT (-83.565366 8.466594)
19.152366,-88.178077,2023.0,3.0,14.0,,HUMAN_OBSERVATION,4522659952,https://www.inaturalist.org/observations/198756590,2023-03-14T00:00:00,POINT (-88.178077 19.152366)
21.187451,-86.966734,2021.0,4.0,16.0,,HUMAN_OBSERVATION,4516817712,https://www.inaturalist.org/observations/197791406,2021-04-16T00:00:00,POINT (-86.966734 21.187451)
17.295928,-89.74276,2023.0,8.0,10.0,,HUMAN_OBSERVATION,4516385848,https://www.inaturalist.org/observations/197662480,2023-08-10T00:00:00,POINT (-89.74276 17.295928)
10.558145,-83.433084,2022.0,4.0,11.0,,HUMAN_OBSERVATION,4512429562,https://www.inaturalist.org/observations/196864105,2022-04-11T00:00:00,POINT (-83.433084 10.558145)
17.240507,-90.243682,2022.0,1.0,25.0,,HUMAN_OBSERVATION,4512188074,https://www.inaturalist.org/observations/196385518,2022-01-25T00:00:00,POINT (-90.243682 17.240507)
17.28438,-89.95942,2023.0,5.0,18.0,,HUMAN_OBSERVATION,4512043193,https://www.inaturalist.org/observations/187557447,2023-05-18T00:00:00,POINT (-89.95942 17.28438)
17.377023,-90.384093,2022.0,4.0,11.0,,HUMAN_OBSERVATION,4510388349,https://www.inaturalist.org/observations/195843934,2022-04-11T00:00:00,POINT (-90.384093 17.377023)
18.450147,-89.13778,2022.0,12.0,30.0,,HUMAN_OBSERVATION,4507651867,https://www.inaturalist.org/observations/195043002,2022-12-30T00:00:00,POINT (-89.13778 18.450147)
17.244883,-89.790338,2022.0,12.0,30.0,,HUMAN_OBSERVATION,4506295408,https://www.inaturalist.org/observations/194178734,2022-12-30T00:00:00,POINT (-89.790338 17.244883)
17.077102,-89.967162,1954.0,4.0,20.0,,HUMAN_OBSERVATION,4500541029,https://www.inaturalist.org/observations/193884871,1954-04-20T00:00:00,POINT (-89.967162 17.077102)
10.461741,-83.477647,1974.0,2.0,28.0,,HUMAN_OBSERVATION,4500456301,http://www.inaturalist.org/observations/396028,1974-02-28T00:00:00,POINT (-83.477647 10.461741)
17.101051,-88.532134,1998.0,1.0,20.0,,HUMAN_OBSERVATION,4465498917,https://www.inaturalist.org/observations/193660518,1998-01-20T00:00:00,POINT (-88.532134 17.101051)
17.402584,-89.23416,2002.0,7.0,9.0,,HUMAN_OBSERVATION,4458725972,https://www.inaturalist.org/observations/192962395,2002-07-09T00:00:00,POINT (-89.23416 17.402584)
17.556213,-89.206131,1981.0,4.0,17.0,,HUMAN_OBSERVATION,4458486082,https://www.inaturalist.org/observations/192962645,1981-04-17T00:00:00,POINT (-89.206131 17.556213)
17.222639,-90.257199,1999.0,7.0,17.0,,HUMAN_OBSERVATION,4442692433,https://www.inaturalist.org/observations/191055725,1999-07-17T00:00:00,POINT (-90.257199 17.222639)
17.558885,-89.339723,1987.0,9.0,28.0,,HUMAN_OBSERVATION,4440890805,https://www.inaturalist.org/observations/190581220,1987-09-28T00:00:00,POINT (-89.339723 17.558885)
21.450781,-87.761698,1986.0,4.0,18.0,,HUMAN_OBSERVATION,4440806361,https://www.inaturalist.org/observations/45848734,1986-04-18T00:00:00,POINT (-87.761698 21.450781)
21.56061,-88.393478,1976.0,10.0,25.0,,HUMAN_OBSERVATION,4440716366,https://www.inaturalist.org/observations/48504536,1976-10-25T00:00:00,POINT (-88.393478 21.56061)
20.914022,-87.198348,1987.0,10.0,21.0,,HUMAN_OBSERVATION,4440610506,https://www.inaturalist.org/observations/105368123,1987-10-21T00:00:00,POINT (-87.198348 20.914022)
17.502102,-89.30233,2023.0,7.0,15.0,,HUMAN_OBSERVATION,4438748195,https://www.inaturalist.org/observations/189313134,2023-07-15T00:00:00,POINT (-89.30233 17.502102)
17.596811,-89.390187,2023.0,7.0,3.0,,HUMAN_OBSERVATION,4436478645,https://www.inaturalist.org/observations/189312984,2023-07-03T00:00:00,POINT (-89.390187 17.596811)
17.595686,-89.278529,2022.0,8.0,22.0,,HUMAN_OBSERVATION,4436469336,https://www.inaturalist.org/observations/189312978,2022-08-22T00:00:00,POINT (-89.278529 17.595686)
17.526562,-89.152075,2023.0,7.0,4.0,,HUMAN_OBSERVATION,4436468630,https://www.inaturalist.org/observations/189348513,2023-07-04T00:00:00,POINT (-89.152075 17.526562)
17.505023,-89.21254,2022.0,7.0,17.0,,HUMAN_OBSERVATION,4436394913,https://www.inaturalist.org/observations/189221747,2022-07-17T00:00:00,POINT (-89.21254 17.505023)
17.402707,-89.309003,2023.0,6.0,27.0,,HUMAN_OBSERVATION,4436273153,https://www.inaturalist.org/observations/189221192,2023-06-27T00:00:00,POINT (-89.309003 17.402707)
17.572715,-89.212784,2018.0,8.0,11.0,,HUMAN_OBSERVATION,4436257759,https://www.inaturalist.org/observations/189347541,2018-08-11T00:00:00,POINT (-89.212784 17.572715)
17.523173,-89.282126,2023.0,6.0,10.0,,HUMAN_OBSERVATION,4436216828,https://www.inaturalist.org/observations/189221845,2023-06-10T00:00:00,POINT (-89.282126 17.523173)
17.558365,-89.377954,2023.0,6.0,17.0,,HUMAN_OBSERVATION,4436184859,https://www.inaturalist.org/observations/189347649,2023-06-17T00:00:00,POINT (-89.377954 17.558365)
17.537023,-89.341617,2023.0,3.0,31.0,,HUMAN_OBSERVATION,4436181024,https://www.inaturalist.org/observations/189221987,2023-03-31T00:00:00,POINT (-89.341617 17.537023)
10.307928,-84.75432,2023.0,4.0,23.0,,HUMAN_OBSERVATION,4431292522,https://www.inaturalist.org/observations/188736418,2023-04-23T00:00:00,POINT (-84.75432 10.307928)
10.335011,-84.752421,2023.0,5.0,30.0,,HUMAN_OBSERVATION,4431290546,https://www.inaturalist.org/observations/188735498,2023-05-30T00:00:00,POINT (-84.752421 10.335011)
10.323172,-84.713735,2023.0,4.0,10.0,,HUMAN_OBSERVATION,4431262437,https://www.inaturalist.org/observations/188736113,2023-04-10T00:00:00,POINT (-84.713735 10.323172)
10.378098,-84.715788,2023.0,5.0,18.0,,HUMAN_OBSERVATION,4431255512,https://www.inaturalist.org/observations/188735949,2023-05-18T00:00:00,POINT (-84.715788 10.378098)
10.241681,-84.688657,2022.0,7.0,21.0,,HUMAN_OBSERVATION,4431232767,https://www.inaturalist.org/observations/188511191,2022-07-21T00:00:00,POINT (-84.688657 10.241681)
17.32014,-89.832762,2022.0,5.0,20.0,,HUMAN_OBSERVATION,4431106688,https://www.inaturalist.org/observations/187384929,2022-05-20T00:00:00,POINT (-89.832762 17.32014)
17.592032,-89.814533,2023.0,4.0,29.0,,HUMAN_OBSERVATION,4431005747,https://www.inaturalist.org/observations/187071708,2023-04-29T00:00:00,POINT (-89.814533 17.592032)
10.239703,-84.744394,2023.0,4.0,29.0,,HUMAN_OBSERVATION,4430788455,https://www.inaturalist.org/observations/188735925,2023-04-29T00:00:00,POINT (-84.744394 10.239703)
10.291615,-84.640117,2023.0,5.0,1.0,,HUMAN_OBSERVATION,4430733860,https://www.inaturalist.org/observations/188509753,2023-05-01T00:00:00,POINT (-84.640117 10.291615)
17.325797,-89.921639,2018.0,6.0,30.0,,HUMAN_OBSERVATION,4430552666,https://www.inaturalist.org/observations/187384436,2018-06-30T00:00:00,POINT (-89.921639 17.325797)
10.164605,-83.152311,2023.0,4.0,30.0,,HUMAN_OBSERVATION,4424491192,https://www.inaturalist.org/observations/186121366,2023-04-30T00:00:00,POINT (-83.152311 10.164605)
21.367907,-88.76506,2023.0,3.0,10.0,,HUMAN_OBSERVATION,4424487763,https://www.inaturalist.org/observations/187017941,2023-03-10T00:00:00,POINT (-88.76506 21.367907)
10.106577,-83.234848,2023.0,4.0,8.0,,HUMAN_OBSERVATION,4424205828,https://www.inaturalist.org/observations/186255805,2023-04-08T00:00:00,POINT (-83.234848 10.106577)
17.325072,-89.620647,2021.0,12.0,18.0,,HUMAN_OBSERVATION,4420980019,https://www.inaturalist.org/observations/186079206,2021-12-18T00:00:00,POINT (-89.620647 17.325072)
21.322694,-88.497947,2020.0,8.0,7.0,,HUMAN_OBSERVATION,4420761106,https://www.inaturalist.org/observations/185296666,2020-08-07T00:00:00,POINT (-88.497947 21.322694)
17.271701,-90.301581,2021.0,12.0,24.0,,HUMAN_OBSERVATION,4417090653,https://www.inaturalist.org/observations/184521626,2021-12-24T00:00:00,POINT (-90.301581 17.271701)
17.492701,-90.027778,2022.0,1.0,16.0,,HUMAN_OBSERVATION,4417084862,https://www.inaturalist.org/observations/184521049,2022-01-16T00:00:00,POINT (-90.027778 17.492701)
17.283559,-90.136247,2021.0,3.0,6.0,,HUMAN_OBSERVATION,4417046588,https://www.inaturalist.org/observations/184521858,2021-03-06T00:00:00,POINT (-90.136247 17.283559)
17.308962,-90.009887,2023.0,4.0,10.0,,HUMAN_OBSERVATION,4417046587,https://www.inaturalist.org/observations/184521759,2023-04-10T00:00:00,POINT (-90.009887 17.308962)
17.337597,-90.122393,2023.0,1.0,20.0,,HUMAN_OBSERVATION,4416639232,https://www.inaturalist.org/observations/184521916,2023-01-20T00:00:00,POINT (-90.122393 17.337597)
17.365373,-90.336224,2021.0,2.0,21.0,,HUMAN_OBSERVATION,4414067100,https://www.inaturalist.org/observations/182343970,2021-02-21T00:00:00,POINT (-90.336224 17.365373)
17.329246,-91.555747,2021.0,12.0,20.0,,HUMAN_OBSERVATION,4413886802,https://www.inaturalist.org/observations/182381478,2021-12-20T00:00:00,POINT (-91.555747 17.329246)
17.485388,-91.417687,2022.0,1.0,28.0,,HUMAN_OBSERVATION,4413671613,https://www.inaturalist.org/observations/182381479,2022-01-28T00:00:00,POINT (-91.417687 17.485388)
18.553692,-89.042214,2023.0,3.0,24.0,,HUMAN_OBSERVATION,4405020770,https://www.inaturalist.org/observations/179197464,2023-03-24T00:00:00,POINT (-89.042214 18.553692)
17.200055,-89.613423,2022.0,6.0,30.0,,HUMAN_OBSERVATION,4400401886,https://www.inaturalist.org/observations/177845649,2022-06-30T00:00:00,POINT (-89.613423 17.200055)
18.463413,-89.147328,2022.0,1.0,5.0,,HUMAN_OBSERVATION,4400006733,https://www.inaturalist.org/observations/179197640,2022-01-05T00:00:00,POINT (-89.147328 18.463413)
17.2822,-89.65711,2023.0,2.0,20.0,,HUMAN_OBSERVATION,4177326590,https://www.inaturalist.org/observations/178173795,2023-02-20T00:00:00,POINT (-89.65711 17.2822)
17.323924,-91.42988,2022.0,10.0,29.0,,HUMAN_OBSERVATION,4171794653,https://www.inaturalist.org/observations/176511915,2022-10-29T00:00:00,POINT (-91.42988 17.323924)
17.279506,-91.461753,2022.0,12.0,15.0,,HUMAN_OBSERVATION,4171788857,https://www.inaturalist.org/observations/176511914,2022-12-15T00:00:00,POINT (-91.461753 17.279506)
9.876449,-83.541359,2022.0,12.0,15.0,,HUMAN_OBSERVATION,4171286329,https://www.inaturalist.org/observations/61603132,2022-12-15T00:00:00,POINT (-83.541359 9.876449)
18.16,-90.071667,2022.0,12.0,18.0,Event,PRESERVED_SPECIMEN,4169283241,e791f059737d8756f4ad933774a376ff,2022-12-18T00:00:00,POINT (-90.071667 18.16)
18.16,-90.071667,2022.0,12.0,14.0,Event,PRESERVED_SPECIMEN,4169280028,124dad7637eb4a36a0f1e4c76401b503,2022-12-14T00:00:00,POINT (-90.071667 18.16)
18.16,-90.071667,2022.0,11.0,30.0,Event,PRESERVED_SPECIMEN,4169278665,440a41d7737c1f2cc3da888a79c40be3,2022-11-30T00:00:00,POINT (-90.071667 18.16)
18.16,-90.071667,2022.0,10.0,28.0,Event,PRESERVED_SPECIMEN,4169268391,7ee91a9226df66a78601262879b3d380,2022-10-28T00:00:00,POINT (-90.071667 18.16)
18.425833,-88.779722,2022.0,6.0,10.0,Event,PRESERVED_SPECIMEN,4169263124,55d8337492db5d0bb4a146f75f0a31b8,2022-06-10T00:00:00,POINT (-88.779722 18.425833)
19.807778,-88.608889,2022.0,10.0,25.0,Event,PRESERVED_SPECIMEN,4169259079,d44bcb0418adcaf02d8ad7afca90c660,2022-10-25T00:00:00,POINT (-88.608889 19.807778)
18.16,-90.071667,2022.0,10.0,9.0,Event,PRESERVED_SPECIMEN,4169252901,d7fcd751f74563100ece681f46b30a8d,2022-10-09T00:00:00,POINT (-90.071667 18.16)
18.16,-90.071667,2022.0,9.0,28.0,Event,PRESERVED_SPECIMEN,4169247067,ed203eafd1ab49b3dae939ea326613e3,2022-09-28T00:00:00,POINT (-90.071667 18.16)
18.16,-90.071667,2022.0,9.0,25.0,Event,PRESERVED_SPECIMEN,4169242117,4d969161b8ef326e483a0b2f1a54c427,2022-09-25T00:00:00,POINT (-90.071667 18.16)
18.16,-90.071667,2022.0,8.0,24.0,Event,PRESERVED_SPECIMEN,4169240539,ffca6288321d10c93720bffde7afedfd,2022-08-24T00:00:00,POINT (-90.071667 18.16)
18.16,-90.071667,2022.0,7.0,4.0,Event,PRESERVED_SPECIMEN,4169238491,93c79f12c0365ea7fa56fcde621d3881,2022-07-04T00:00:00,POINT (-90.071667 18.16)
18.16,-90.071667,2022.0,6.0,22.0,Event,PRESERVED_SPECIMEN,4169237335,a536af5ad610887d3a5d5ce4b557c79d,2022-06-22T00:00:00,POINT (-90.071667 18.16)
18.16,-90.071667,2022.0,6.0,11.0,Event,PRESERVED_SPECIMEN,4169236551,af4d8ef0f9673321d3ae93b3dcc2ce14,2022-06-11T00:00:00,POINT (-90.071667 18.16)
18.16,-90.071667,2022.0,8.0,24.0,Event,PRESERVED_SPECIMEN,4169235985,d30fcde816f475d80b38fbe8e12a982e,2022-08-24T00:00:00,POINT (-90.071667 18.16)
18.16,-90.071667,2022.0,2.0,6.0,Event,PRESERVED_SPECIMEN,4169231760,7e9f743b4f8eefe86f88f5fe058528da,2022-02-06T00:00:00,POINT (-90.071667 18.16)
18.16,-90.071667,2022.0,4.0,7.0,Event,PRESERVED_SPECIMEN,4169231577,5ff84b8d906d220a92454708cb431893,2022-04-07T00:00:00,POINT (-90.071667 18.16)
18.16,-90.071667,2022.0,3.0,5.0,Event,PRESERVED_SPECIMEN,4169224775,82b20523d2ac4943612d40cbf485a021,2022-03-05T00:00:00,POINT (-90.071667 18.16)
18.16,-90.071667,2022.0,4.0,29.0,Event,PRESERVED_SPECIMEN,4169198883,4bffa7d7f6260a6d021c8f0bf9a074f4,2022-04-29T00:00:00,POINT (-90.071667 18.16)
18.16,-90.071667,2022.0,3.0,5.0,Event,PRESERVED_SPECIMEN,4169195287,3b1b483e4fec78f354fd956e905ee117,2022-03-05T00:00:00,POINT (-90.071667 18.16)
18.16,-90.071667,2022.0,4.0,20.0,Event,PRESERVED_SPECIMEN,4169189027,ce857e2149419987c01283ab8446f2cc,2022-04-20T00:00:00,POINT (-90.071667 18.16)
18.16,-90.071667,2022.0,7.0,16.0,Event,PRESERVED_SPECIMEN,4169181031,5eb4aa5d551d87d05e648d464501a19e,2022-07-16T00:00:00,POINT (-90.071667 18.16)
18.16,-90.071667,2016.0,12.0,10.0,Event,PRESERVED_SPECIMEN,4169159463,43e0d6ac2f8706ba5e058c31c15b83cc,2016-12-10T00:00:00,POINT (-90.071667 18.16)
18.16,-90.071667,2020.0,3.0,12.0,Event,PRESERVED_SPECIMEN,4169152229,4c031b8d8b7d15b07067be1937251046,2020-03-12T00:00:00,POINT (-90.071667 18.16)
18.16,-90.071667,2015.0,3.0,22.0,Event,PRESERVED_SPECIMEN,4169135757,05e3c09bee2f16f1d69ac99d3c7593cd,2015-03-22T00:00:00,POINT (-90.071667 18.16)
18.16,-90.071667,2011.0,9.0,22.0,Event,PRESERVED_SPECIMEN,4169024517,77adc1205d44311a537c4a99a4232d5a,2011-09-22T00:00:00,POINT (-90.071667 18.16)
18.16,-90.071667,2022.0,6.0,12.0,Event,PRESERVED_SPECIMEN,4168950043,a349be2e3f3d7ef33f99a8c4546bf4c8,2022-06-12T00:00:00,POINT (-90.071667 18.16)
21.342778,-88.702778,2016.0,11.0,24.0,Event,MATERIAL_CITATION,4168658654,0051a19823065575f3925b0cc96de997,2016-11-24T00:00:00,POINT (-88.702778 21.342778)
21.513056,-88.250833,2015.0,3.0,14.0,Event,MATERIAL_CITATION,4168658454,2d0da20149829e4f949dcca3e2603df3,2015-03-14T00:00:00,POINT (-88.250833 21.513056)
21.475556,-88.454167,2016.0,11.0,26.0,Event,MATERIAL_CITATION,4168658336,bbaa65cf304d6f724ba5f5c304c201f1,2016-11-26T00:00:00,POINT (-88.454167 21.475556)
18.108333,-89.808333,2016.0,12.0,1.0,,PRESERVED_SPECIMEN,4168623315,ca4cf7843bff6505c7247f64f8b03439,2016-12-01T00:00:00,POINT (-89.808333 18.108333)
17.103387,-89.5057,2016.0,12.0,1.0,,HUMAN_OBSERVATION,4165512779,https://www.inaturalist.org/observations/174391778,2016-12-01T00:00:00,POINT (-89.5057 17.103387)
20.244666,-87.43827,2015.0,2.0,7.0,,HUMAN_OBSERVATION,4162075748,https://www.inaturalist.org/observations/172693904,2015-02-07T00:00:00,POINT (-87.43827 20.244666)
10.489799,-83.562764,2015.0,2.0,3.0,,HUMAN_OBSERVATION,4153929710,https://www.inaturalist.org/observations/171568215,2015-02-03T00:00:00,POINT (-83.562764 10.489799)
10.565713,-84.171909,2014.0,9.0,28.0,,HUMAN_OBSERVATION,4153859941,https://www.inaturalist.org/observations/171118749,2014-09-28T00:00:00,POINT (-84.171909 10.565713)
20.605127,-87.167767,2014.0,8.0,22.0,,HUMAN_OBSERVATION,4145600272,https://www.inaturalist.org/observations/170964031,2014-08-22T00:00:00,POINT (-87.167767 20.605127)
20.542443,-87.343773,2015.0,3.0,27.0,,HUMAN_OBSERVATION,4145464113,https://www.inaturalist.org/observations/169938738,2015-03-27T00:00:00,POINT (-87.343773 20.542443)
17.326787,-90.216292,2016.0,9.0,13.0,,HUMAN_OBSERVATION,4138679495,https://www.inaturalist.org/observations/169543890,2016-09-13T00:00:00,POINT (-90.216292 17.326787)
20.601303,-87.151852,2016.0,12.0,1.0,,HUMAN_OBSERVATION,4138454482,https://www.inaturalist.org/observations/167607731,2016-12-01T00:00:00,POINT (-87.151852 20.601303)
10.801074,-85.429583,2019.0,6.0,18.0,,HUMAN_OBSERVATION,4138179870,https://www.inaturalist.org/observations/168559628,2019-06-18T00:00:00,POINT (-85.429583 10.801074)
17.256941,-90.368358,2015.0,3.0,14.0,,HUMAN_OBSERVATION,4130119405,https://www.inaturalist.org/observations/165737772,2015-03-14T00:00:00,POINT (-90.368358 17.256941)
17.280471,-90.322254,2016.0,12.0,3.0,,HUMAN_OBSERVATION,4130115124,https://www.inaturalist.org/observations/165521149,2016-12-03T00:00:00,POINT (-90.322254 17.280471)
17.396026,-89.004546,2016.0,12.0,11.0,,HUMAN_OBSERVATION,4129773713,https://www.inaturalist.org/observations/165409582,2016-12-11T00:00:00,POINT (-89.004546 17.396026)
10.857479,-85.738478,2016.0,12.0,28.0,,HUMAN_OBSERVATION,4129770515,https://www.inaturalist.org/observations/155411899,2016-12-28T00:00:00,POINT (-85.738478 10.857479)
18.561915,-89.139214,2015.0,3.0,27.0,,HUMAN_OBSERVATION,4126921516,https://www.inaturalist.org/observations/163593722,2015-03-27T00:00:00,POINT (-89.139214 18.561915)
21.34044,-88.738665,2018.0,10.0,11.0,,HUMAN_OBSERVATION,4116219724,https://www.inaturalist.org/observations/161536620,2018-10-11T00:00:00,POINT (-88.738665 21.34044)
18.170077,-91.955048,2018.0,10.0,10.0,,HUMAN_OBSERVATION,4112020631,https://www.inaturalist.org/observations/160188224,2018-10-10T00:00:00,POINT (-91.955048 18.170077)
18.014276,-91.943984,2016.0,12.0,10.0,,HUMAN_OBSERVATION,4111664187,https://www.inaturalist.org/observations/159690815,2016-12-10T00:00:00,POINT (-91.943984 18.014276)
17.232633,-91.341068,2018.0,10.0,10.0,,HUMAN_OBSERVATION,4096806034,https://www.inaturalist.org/observations/155815019,2018-10-10T00:00:00,POINT (-91.341068 17.232633)
17.396895,-91.395491,2022.0,5.0,14.0,,HUMAN_OBSERVATION,4096498904,https://www.inaturalist.org/observations/155688683,2022-05-14T00:00:00,POINT (-91.395491 17.396895)
17.510338,-90.167103,2022.0,5.0,22.0,,HUMAN_OBSERVATION,4091794924,https://www.inaturalist.org/observations/154742415,2022-05-22T00:00:00,POINT (-90.167103 17.510338)
10.800742,-85.725034,2022.0,3.0,12.0,,HUMAN_OBSERVATION,4091426395,https://www.inaturalist.org/observations/155185206,2022-03-12T00:00:00,POINT (-85.725034 10.800742)
17.387771,-90.239269,2011.0,2.0,15.0,,HUMAN_OBSERVATION,4091397917,https://www.inaturalist.org/observations/154741930,2011-02-15T00:00:00,POINT (-90.239269 17.387771)
18.052855,-91.821351,2022.0,1.0,13.0,,HUMAN_OBSERVATION,4075903264,https://www.inaturalist.org/observations/152973364,2022-01-13T00:00:00,POINT (-91.821351 18.052855)
10.388769,-84.753038,2021.0,9.0,7.0,,HUMAN_OBSERVATION,4075791245,https://www.inaturalist.org/observations/152892291,2021-09-07T00:00:00,POINT (-84.753038 10.388769)
20.586507,-87.039057,2021.0,12.0,10.0,,HUMAN_OBSERVATION,4046380413,https://www.inaturalist.org/observations/82682668,2021-12-10T00:00:00,POINT (-87.039057 20.586507)
16.784722,-88.23481,2021.0,10.0,29.0,,HUMAN_OBSERVATION,4039550884,https://www.inaturalist.org/observations/149353367,2021-10-29T00:00:00,POINT (-88.23481 16.784722)
10.505114,-83.414722,2021.0,7.0,16.0,,HUMAN_OBSERVATION,4039241889,https://www.inaturalist.org/observations/148803556,2021-07-16T00:00:00,POINT (-83.414722 10.505114)
20.831126,-87.372525,2021.0,11.0,1.0,,HUMAN_OBSERVATION,4034796908,https://www.inaturalist.org/observations/148362310,2021-11-01T00:00:00,POINT (-87.372525 20.831126)
16.498472,-88.61432,2021.0,11.0,1.0,,HUMAN_OBSERVATION,4034617014,https://www.inaturalist.org/observations/148601939,2021-11-01T00:00:00,POINT (-88.61432 16.498472)
17.315679,-90.255873,2021.0,10.0,20.0,,HUMAN_OBSERVATION,4029098819,https://www.inaturalist.org/observations/147493371,2021-10-20T00:00:00,POINT (-90.255873 17.315679)
17.390103,-89.736122,2021.0,10.0,28.0,,HUMAN_OBSERVATION,4011596627,https://www.inaturalist.org/observations/144682997,2021-10-28T00:00:00,POINT (-89.736122 17.390103)
17.358724,-89.658837,2021.0,10.0,14.0,,HUMAN_OBSERVATION,4009872660,https://www.inaturalist.org/observations/144582900,2021-10-14T00:00:00,POINT (-89.658837 17.358724)
17.39673,-89.609779,2013.0,2.0,11.0,,HUMAN_OBSERVATION,4006588050,https://www.inaturalist.org/observations/144605844,2013-02-11T00:00:00,POINT (-89.609779 17.39673)
17.387809,-89.612977,2005.0,9.0,1.0,,HUMAN_OBSERVATION,4006521785,https://www.inaturalist.org/observations/144378993,2005-09-01T00:00:00,POINT (-89.612977 17.387809)
10.407485,-83.454236,2015.0,1.0,1.0,,HUMAN_OBSERVATION,3994253000,https://www.inaturalist.org/observations/144094451,2015-01-01T00:00:00,POINT (-83.454236 10.407485)
16.617596,-88.540867,2021.0,7.0,7.0,,HUMAN_OBSERVATION,3988572766,https://www.inaturalist.org/observations/143403992,2021-07-07T00:00:00,POINT (-88.540867 16.617596)
10.513393,-84.012202,2021.0,6.0,9.0,,HUMAN_OBSERVATION,3985723966,https://www.inaturalist.org/observations/140976327,2021-06-09T00:00:00,POINT (-84.012202 10.513393)
18.18522,-91.831449,2020.0,3.0,25.0,,HUMAN_OBSERVATION,3963568476,https://www.inaturalist.org/observations/122685490,2020-03-25T00:00:00,POINT (-91.831449 18.18522)
16.836074,-93.41535,2020.0,1.0,3.0,,HUMAN_OBSERVATION,3961398728,https://www.inaturalist.org/observations/140006937,2020-01-03T00:00:00,POINT (-93.41535 16.836074)
10.544223,-83.544452,2019.0,7.0,7.0,,HUMAN_OBSERVATION,3925334445,https://www.inaturalist.org/observations/138227012,2019-07-07T00:00:00,POINT (-83.544452 10.544223)
10.847266,-85.659663,2019.0,7.0,20.0,,HUMAN_OBSERVATION,3923678823,https://www.inaturalist.org/observations/136801336,2019-07-20T00:00:00,POINT (-85.659663 10.847266)
16.685556,-90.769127,2020.0,6.0,14.0,,HUMAN_OBSERVATION,3923415777,https://www.inaturalist.org/observations/136761110,2020-06-14T00:00:00,POINT (-90.769127 16.685556)
16.653096,-90.699395,2019.0,4.0,13.0,,HUMAN_OBSERVATION,3915714322,https://www.inaturalist.org/observations/136532301,2019-04-13T00:00:00,POINT (-90.699395 16.653096)
20.679862,-87.281876,2015.0,3.0,1.0,,HUMAN_OBSERVATION,3873032677,https://www.inaturalist.org/observations/119928525,2015-03-01T00:00:00,POINT (-87.281876 20.679862)
20.458907,-87.274335,2015.0,7.0,7.0,,HUMAN_OBSERVATION,3872958568,https://www.inaturalist.org/observations/110776681,2015-07-07T00:00:00,POINT (-87.274335 20.458907)
20.745924,-87.067065,2015.0,9.0,21.0,,HUMAN_OBSERVATION,3860760134,https://www.inaturalist.org/observations/119959080,2015-09-21T00:00:00,POINT (-87.067065 20.745924)
20.735369,-87.043766,2015.0,9.0,21.0,,HUMAN_OBSERVATION,3860415273,https://www.inaturalist.org/observations/120055160,2015-09-21T00:00:00,POINT (-87.043766 20.735369)
21.550985,-87.106743,2015.0,9.0,20.0,,HUMAN_OBSERVATION,3860415187,https://www.inaturalist.org/observations/119967553,2015-09-20T00:00:00,POINT (-87.106743 21.550985)
20.724702,-87.034927,2015.0,5.0,22.0,,HUMAN_OBSERVATION,3860412205,https://www.inaturalist.org/observations/119961829,2015-05-22T00:00:00,POINT (-87.034927 20.724702)
20.413612,-87.236434,2015.0,10.0,2.0,,HUMAN_OBSERVATION,3860380187,https://www.inaturalist.org/observations/119952587,2015-10-02T00:00:00,POINT (-87.236434 20.413612)
21.38262,-87.387449,2015.0,8.0,12.0,,HUMAN_OBSERVATION,3860140207,https://www.inaturalist.org/observations/119943175,2015-08-12T00:00:00,POINT (-87.387449 21.38262)
20.689822,-87.282747,2015.0,8.0,12.0,,HUMAN_OBSERVATION,3859998168,https://www.inaturalist.org/observations/119928324,2015-08-12T00:00:00,POINT (-87.282747 20.689822)
20.744064,-87.066998,2021.0,6.0,1.0,,HUMAN_OBSERVATION,3859989167,https://www.inaturalist.org/observations/119961607,2021-06-01T00:00:00,POINT (-87.066998 20.744064)
21.387964,-87.205535,2021.0,5.0,18.0,,HUMAN_OBSERVATION,3859989143,https://www.inaturalist.org/observations/119930106,2021-05-18T00:00:00,POINT (-87.205535 21.387964)
20.625418,-87.370641,2021.0,5.0,18.0,,HUMAN_OBSERVATION,3859759161,https://www.inaturalist.org/observations/119927754,2021-05-18T00:00:00,POINT (-87.370641 20.625418)
21.298209,-87.343083,2021.0,5.0,13.0,,HUMAN_OBSERVATION,3859639177,https://www.inaturalist.org/observations/119931018,2021-05-13T00:00:00,POINT (-87.343083 21.298209)
21.331371,-87.218454,2021.0,3.0,20.0,,HUMAN_OBSERVATION,3859595144,https://www.inaturalist.org/observations/119945381,2021-03-20T00:00:00,POINT (-87.218454 21.331371)
20.621415,-87.079141,2021.0,5.0,13.0,,HUMAN_OBSERVATION,3859594190,https://www.inaturalist.org/observations/119958856,2021-05-13T00:00:00,POINT (-87.079141 20.621415)
17.387629,-89.063843,2021.0,4.0,28.0,,HUMAN_OBSERVATION,3859589766,https://www.inaturalist.org/observations/121810910,2021-04-28T00:00:00,POINT (-89.063843 17.387629)
20.72798,-87.154708,2021.0,3.0,28.0,,HUMAN_OBSERVATION,3859497163,https://www.inaturalist.org/observations/119958702,2021-03-28T00:00:00,POINT (-87.154708 20.72798)
20.626699,-87.134644,2021.0,4.0,19.0,,HUMAN_OBSERVATION,3859489330,https://www.inaturalist.org/observations/120056560,2021-04-19T00:00:00,POINT (-87.134644 20.626699)
20.44618,-87.262128,2021.0,4.0,19.0,,HUMAN_OBSERVATION,3859481143,https://www.inaturalist.org/observations/119952756,2021-04-19T00:00:00,POINT (-87.262128 20.44618)
20.764181,-87.162579,2021.0,4.0,19.0,,HUMAN_OBSERVATION,3859475132,https://www.inaturalist.org/observations/119959576,2021-04-19T00:00:00,POINT (-87.162579 20.764181)
20.629442,-87.105738,2013.0,5.0,13.0,,HUMAN_OBSERVATION,3859409161,https://www.inaturalist.org/observations/119959225,2013-05-13T00:00:00,POINT (-87.105738 20.629442)
20.631399,-87.421198,2021.0,4.0,15.0,,HUMAN_OBSERVATION,3859407215,https://www.inaturalist.org/observations/119947572,2021-04-15T00:00:00,POINT (-87.421198 20.631399)
21.291786,-87.311189,2021.0,4.0,1.0,,HUMAN_OBSERVATION,3859161140,https://www.inaturalist.org/observations/119930562,2021-04-01T00:00:00,POINT (-87.311189 21.291786)
20.709067,-87.012825,2021.0,4.0,13.0,,HUMAN_OBSERVATION,3858864180,https://www.inaturalist.org/observations/119959687,2021-04-13T00:00:00,POINT (-87.012825 20.709067)
20.797938,-87.084782,2021.0,4.0,13.0,,HUMAN_OBSERVATION,3858667174,https://www.inaturalist.org/observations/119961507,2021-04-13T00:00:00,POINT (-87.084782 20.797938)
21.334658,-87.34741,2021.0,3.0,28.0,,HUMAN_OBSERVATION,3858568144,https://www.inaturalist.org/observations/119943256,2021-03-28T00:00:00,POINT (-87.34741 21.334658)
21.354198,-87.472165,2021.0,3.0,31.0,,HUMAN_OBSERVATION,3858555255,https://www.inaturalist.org/observations/119930749,2021-03-31T00:00:00,POINT (-87.472165 21.354198)
21.263806,-87.343089,2021.0,3.0,31.0,,HUMAN_OBSERVATION,3858537176,https://www.inaturalist.org/observations/119943907,2021-03-31T00:00:00,POINT (-87.343089 21.263806)
20.786633,-87.084739,2021.0,4.0,1.0,,HUMAN_OBSERVATION,3858521164,https://www.inaturalist.org/observations/119959324,2021-04-01T00:00:00,POINT (-87.084739 20.786633)
20.59703,-87.325699,2021.0,3.0,31.0,,HUMAN_OBSERVATION,3858508119,https://www.inaturalist.org/observations/119955586,2021-03-31T00:00:00,POINT (-87.325699 20.59703)
20.577506,-87.271578,2021.0,4.0,13.0,,HUMAN_OBSERVATION,3858481160,https://www.inaturalist.org/observations/119954511,2021-04-13T00:00:00,POINT (-87.271578 20.577506)
21.216863,-87.320654,2021.0,3.0,31.0,,HUMAN_OBSERVATION,3858457159,https://www.inaturalist.org/observations/119944187,2021-03-31T00:00:00,POINT (-87.320654 21.216863)
20.72372,-87.023001,2021.0,4.0,3.0,,HUMAN_OBSERVATION,3858435197,https://www.inaturalist.org/observations/119958797,2021-04-03T00:00:00,POINT (-87.023001 20.72372)
20.66145,-87.057302,2013.0,2.0,24.0,,HUMAN_OBSERVATION,3858395218,https://www.inaturalist.org/observations/119960044,2013-02-24T00:00:00,POINT (-87.057302 20.66145)
20.797701,-87.227859,2021.0,4.0,3.0,,HUMAN_OBSERVATION,3858365085,https://www.inaturalist.org/observations/119928055,2021-04-03T00:00:00,POINT (-87.227859 20.797701)
20.794832,-87.302243,2021.0,3.0,30.0,,HUMAN_OBSERVATION,3858353114,https://www.inaturalist.org/observations/119928953,2021-03-30T00:00:00,POINT (-87.302243 20.794832)
20.499065,-87.25898,2021.0,3.0,13.0,,HUMAN_OBSERVATION,3858349106,https://www.inaturalist.org/observations/119953176,2021-03-13T00:00:00,POINT (-87.25898 20.499065)
20.718768,-87.768394,2018.0,7.0,1.0,,HUMAN_OBSERVATION,3858349100,https://www.inaturalist.org/observations/119945850,2018-07-01T00:00:00,POINT (-87.768394 20.718768)
20.571456,-87.369372,2021.0,3.0,13.0,,HUMAN_OBSERVATION,3858342242,https://www.inaturalist.org/observations/119954908,2021-03-13T00:00:00,POINT (-87.369372 20.571456)
11.02931,-85.592733,2018.0,2.0,2.0,,HUMAN_OBSERVATION,3802345626,https://www.inaturalist.org/observations/118217001,2018-02-02T00:00:00,POINT (-85.592733 11.02931)
20.997647,-89.906499,2018.0,2.0,17.0,,HUMAN_OBSERVATION,3764496783,https://www.inaturalist.org/observations/112669834,2018-02-17T00:00:00,POINT (-89.906499 20.997647)
10.59766,-83.528661,2018.0,2.0,6.0,,HUMAN_OBSERVATION,3760036716,https://www.inaturalist.org/observations/111254554,2018-02-06T00:00:00,POINT (-83.528661 10.59766)
18.568788,-89.923852,2021.0,2.0,21.0,,HUMAN_OBSERVATION,3759090934,https://www.inaturalist.org/observations/109521176,2021-02-21T00:00:00,POINT (-89.923852 18.568788)
16.815306,-90.851023,2018.0,2.0,5.0,,HUMAN_OBSERVATION,3743284648,https://www.inaturalist.org/observations/108478427,2018-02-05T00:00:00,POINT (-90.851023 16.815306)
10.865281,-85.798497,2018.0,4.0,13.0,,HUMAN_OBSERVATION,3499499116,https://www.inaturalist.org/observations/106787139,2018-04-13T00:00:00,POINT (-85.798497 10.865281)
17.225212,-89.707707,2021.0,1.0,16.0,,HUMAN_OBSERVATION,3457226482,https://www.inaturalist.org/observations/105276888,2021-01-16T00:00:00,POINT (-89.707707 17.225212)
16.643404,-88.455244,2019.0,12.0,21.0,,HUMAN_OBSERVATION,3455872320,https://www.inaturalist.org/observations/104252873,2019-12-21T00:00:00,POINT (-88.455244 16.643404)
20.680247,-87.005331,2021.0,1.0,16.0,,HUMAN_OBSERVATION,3415418264,https://www.inaturalist.org/observations/100439618,2021-01-16T00:00:00,POINT (-87.005331 20.680247)
16.383047,-90.469687,2021.0,1.0,16.0,,HUMAN_OBSERVATION,3415375267,https://www.inaturalist.org/observations/100749449,2021-01-16T00:00:00,POINT (-90.469687 16.383047)
17.555652,-89.907485,2020.0,12.0,26.0,,HUMAN_OBSERVATION,3399439277,https://www.inaturalist.org/observations/99500876,2020-12-26T00:00:00,POINT (-89.907485 17.555652)
17.216685,-90.311731,2013.0,7.0,4.0,,HUMAN_OBSERVATION,3399030506,https://www.inaturalist.org/observations/99643794,2013-07-04T00:00:00,POINT (-90.311731 17.216685)
17.238693,-90.270074,2018.0,6.0,21.0,,HUMAN_OBSERVATION,3398849384,https://www.inaturalist.org/observations/99644043,2018-06-21T00:00:00,POINT (-90.270074 17.238693)
21.125531,-88.015741,2020.0,12.0,5.0,,HUMAN_OBSERVATION,3355009225,https://www.inaturalist.org/observations/92931955,2020-12-05T00:00:00,POINT (-88.015741 21.125531)
17.393786,-90.290864,2019.0,8.0,7.0,,HUMAN_OBSERVATION,3325479286,https://www.inaturalist.org/observations/85984359,2019-08-07T00:00:00,POINT (-90.290864 17.393786)
18.095128,-90.36163,2020.0,6.0,18.0,,HUMAN_OBSERVATION,3320944286,https://www.inaturalist.org/observations/84988941,2020-06-18T00:00:00,POINT (-90.36163 18.095128)
18.270274,-90.195224,2020.0,6.0,18.0,,HUMAN_OBSERVATION,3320917286,https://www.inaturalist.org/observations/84988560,2020-06-18T00:00:00,POINT (-90.195224 18.270274)
17.149917,-88.608543,1980.0,1.0,1.0,,HUMAN_OBSERVATION,3302372807,https://www.inaturalist.org/observations/81556035,1980-01-01T00:00:00,POINT (-88.608543 17.149917)
18.360029,-92.087844,2017.0,1.0,1.0,,HUMAN_OBSERVATION,3124546070,https://www.inaturalist.org/observations/79811665,2017-01-01T00:00:00,POINT (-92.087844 18.360029)
18.487409,-89.261035,1986.0,4.0,21.0,,HUMAN_OBSERVATION,3097320666,https://www.inaturalist.org/observations/74925849,1986-04-21T00:00:00,POINT (-89.261035 18.487409)
20.587642,-90.424448,1984.0,11.0,21.0,,HUMAN_OBSERVATION,3097022694,https://www.inaturalist.org/observations/74160813,1984-11-21T00:00:00,POINT (-90.424448 20.587642)
17.666822,-88.487435,1978.0,12.0,1.0,,HUMAN_OBSERVATION,3079842824,https://www.inaturalist.org/observations/73071544,1978-12-01T00:00:00,POINT (-88.487435 17.666822)
18.467927,-88.981196,2001.0,8.0,9.0,,HUMAN_OBSERVATION,3070713052,https://www.inaturalist.org/observations/72461301,2001-08-09T00:00:00,POINT (-88.981196 18.467927)
17.412048,-88.284044,1946.0,6.0,27.0,,HUMAN_OBSERVATION,3058902224,https://www.inaturalist.org/observations/71005663,1946-06-27T00:00:00,POINT (-88.284044 17.412048)
21.566752,-88.003178,2017.0,10.0,5.0,,HUMAN_OBSERVATION,3032167677,https://www.inaturalist.org/observations/67970856,2017-10-05T00:00:00,POINT (-88.003178 21.566752)
16.824116,-88.25753,2017.0,10.0,13.0,,HUMAN_OBSERVATION,3018033123,https://www.inaturalist.org/observations/67644664,2017-10-13T00:00:00,POINT (-88.25753 16.824116)
10.416283,-84.181651,2017.0,10.0,5.0,,HUMAN_OBSERVATION,3008449314,https://www.inaturalist.org/observations/15270189,2017-10-05T00:00:00,POINT (-84.181651 10.416283)
16.544653,-88.618314,2017.0,11.0,8.0,,HUMAN_OBSERVATION,2999201301,http://www.inaturalist.org/observations/327338,2017-11-08T00:00:00,POINT (-88.618314 16.544653)
16.248197,-93.427261,2020.0,4.0,23.0,,HUMAN_OBSERVATION,2981025868,https://www.inaturalist.org/observations/63988863,2020-04-23T00:00:00,POINT (-93.427261 16.248197)
16.070685,-93.414424,2020.0,4.0,23.0,,HUMAN_OBSERVATION,2980838906,https://www.inaturalist.org/observations/63988756,2020-04-23T00:00:00,POINT (-93.414424 16.070685)
17.27033,-91.489421,2020.0,4.0,6.0,,HUMAN_OBSERVATION,2901690152,https://www.inaturalist.org/observations/63109424,2020-04-06T00:00:00,POINT (-91.489421 17.27033)
16.866739,-93.84372,2012.0,12.0,29.0,,HUMAN_OBSERVATION,2898486842,https://www.inaturalist.org/observations/62262526,2012-12-29T00:00:00,POINT (-93.84372 16.866739)
17.074779,-89.542243,2016.0,8.0,16.0,,HUMAN_OBSERVATION,2864773086,https://www.inaturalist.org/observations/59890602,2016-08-16T00:00:00,POINT (-89.542243 17.074779)
8.446631,-83.458064,2020.0,3.0,13.0,,HUMAN_OBSERVATION,2860189171,https://www.inaturalist.org/observations/58257138,2020-03-13T00:00:00,POINT (-83.458064 8.446631)
17.455474,-88.22537,2020.0,2.0,18.0,,HUMAN_OBSERVATION,2851001108,https://www.inaturalist.org/observations/55322328,2020-02-18T00:00:00,POINT (-88.22537 17.455474)
17.625771,-88.926816,2020.0,3.0,4.0,,HUMAN_OBSERVATION,2850773093,https://www.inaturalist.org/observations/55972979,2020-03-04T00:00:00,POINT (-88.926816 17.625771)
8.512211,-83.387481,2020.0,2.0,19.0,,HUMAN_OBSERVATION,2850700339,https://www.inaturalist.org/observations/55493722,2020-02-19T00:00:00,POINT (-83.387481 8.512211)
18.262713,-89.822242,2020.0,3.0,4.0,,HUMAN_OBSERVATION,2839542130,https://observation.org/observation/114840219,2020-03-04T00:00:00,POINT (-89.822242 18.262713)
16.687258,-88.73716,2020.0,2.0,18.0,,HUMAN_OBSERVATION,2832795185,https://observation.org/observation/114116955,2020-02-18T00:00:00,POINT (-88.73716 16.687258)
18.262713,-89.822242,2020.0,3.0,4.0,,HUMAN_OBSERVATION,2832763174,https://observation.org/observation/114841729,2020-03-04T00:00:00,POINT (-89.822242 18.262713)
18.317851,-89.496534,2020.0,2.0,18.0,,HUMAN_OBSERVATION,2826386218,https://www.inaturalist.org/observations/54461124,2020-02-18T00:00:00,POINT (-89.496534 18.317851)
18.056542,-89.252398,2011.0,12.0,5.0,,HUMAN_OBSERVATION,2826308969,https://www.inaturalist.org/observations/55001722,2011-12-05T00:00:00,POINT (-89.252398 18.056542)
18.020562,-89.356414,2020.0,2.0,1.0,,HUMAN_OBSERVATION,2826229044,https://www.inaturalist.org/observations/55001723,2020-02-01T00:00:00,POINT (-89.356414 18.020562)
16.61444,-88.467673,2020.0,2.0,9.0,,HUMAN_OBSERVATION,2823175523,https://www.inaturalist.org/observations/53953418,2020-02-09T00:00:00,POINT (-88.467673 16.61444)
20.619904,-87.036445,2020.0,1.0,30.0,,HUMAN_OBSERVATION,2818538836,https://www.inaturalist.org/observations/52736220,2020-01-30T00:00:00,POINT (-87.036445 20.619904)
10.482056,-83.42066,2019.0,9.0,18.0,,HUMAN_OBSERVATION,2802770349,https://www.inaturalist.org/observations/15255648,2019-09-18T00:00:00,POINT (-83.42066 10.482056)
17.493758,-89.14609,2020.0,1.0,30.0,,HUMAN_OBSERVATION,2802648593,https://www.inaturalist.org/observations/49591915,2020-01-30T00:00:00,POINT (-89.14609 17.493758)
17.593414,-89.146334,2020.0,1.0,25.0,,HUMAN_OBSERVATION,2802542187,https://www.inaturalist.org/observations/49626687,2020-01-25T00:00:00,POINT (-89.146334 17.593414)
17.696367,-88.833693,2020.0,1.0,21.0,,HUMAN_OBSERVATION,2634498593,https://www.inaturalist.org/observations/47287433,2020-01-21T00:00:00,POINT (-88.833693 17.696367)
17.56371,-88.924795,2020.0,1.0,21.0,,HUMAN_OBSERVATION,2634492490,https://www.inaturalist.org/observations/47892547,2020-01-21T00:00:00,POINT (-88.924795 17.56371)
17.507106,-89.037166,2020.0,1.0,13.0,,HUMAN_OBSERVATION,2634480477,https://www.inaturalist.org/observations/47286563,2020-01-13T00:00:00,POINT (-89.037166 17.507106)
17.652917,-89.042296,2020.0,1.0,13.0,,HUMAN_OBSERVATION,2634476378,https://www.inaturalist.org/observations/47168394,2020-01-13T00:00:00,POINT (-89.042296 17.652917)
17.519904,-89.132317,2020.0,1.0,13.0,,HUMAN_OBSERVATION,2634474452,https://www.inaturalist.org/observations/47890467,2020-01-13T00:00:00,POINT (-89.132317 17.519904)
17.61793,-89.08604,2020.0,1.0,16.0,,HUMAN_OBSERVATION,2634464339,https://www.inaturalist.org/observations/47168641,2020-01-16T00:00:00,POINT (-89.08604 17.61793)
17.589454,-88.983622,2020.0,1.0,16.0,,HUMAN_OBSERVATION,2634450471,https://www.inaturalist.org/observations/47890225,2020-01-16T00:00:00,POINT (-88.983622 17.589454)
17.446901,-89.145405,2020.0,1.0,16.0,,HUMAN_OBSERVATION,2634434508,https://www.inaturalist.org/observations/47891446,2020-01-16T00:00:00,POINT (-89.145405 17.446901)
17.63829,-88.964441,2020.0,1.0,13.0,,HUMAN_OBSERVATION,2634385364,https://www.inaturalist.org/observations/47168518,2020-01-13T00:00:00,POINT (-88.964441 17.63829)
17.435248,-89.130251,2020.0,1.0,16.0,,HUMAN_OBSERVATION,2634287188,https://www.inaturalist.org/observations/47692799,2020-01-16T00:00:00,POINT (-89.130251 17.435248)
17.514992,-89.126463,2020.0,1.0,10.0,,HUMAN_OBSERVATION,2634104607,https://www.inaturalist.org/observations/47286913,2020-01-10T00:00:00,POINT (-89.126463 17.514992)
17.408823,-88.980407,2020.0,1.0,11.0,,HUMAN_OBSERVATION,2634082439,https://www.inaturalist.org/observations/47223271,2020-01-11T00:00:00,POINT (-88.980407 17.408823)
17.591724,-89.18444,2020.0,1.0,11.0,,HUMAN_OBSERVATION,2634079173,https://www.inaturalist.org/observations/47692063,2020-01-11T00:00:00,POINT (-89.18444 17.591724)
17.431497,-89.011128,2020.0,1.0,11.0,,HUMAN_OBSERVATION,2634038180,https://www.inaturalist.org/observations/47693288,2020-01-11T00:00:00,POINT (-89.011128 17.431497)
16.106667,-90.950833,2008.0,3.0,20.0,Event,MATERIAL_CITATION,2630417306,ef7ba641806df34e8f04dd1e00fd8c12,2008-03-20T00:00:00,POINT (-90.950833 16.106667)
19.01,-90.314444,2019.0,12.0,30.0,Event,MATERIAL_CITATION,2630411954,b1fa8dc7553e87bbaa7da0fb6c09ddd3,2019-12-30T00:00:00,POINT (-90.314444 19.01)
17.509167,-91.980556,2019.0,12.0,30.0,Event,MATERIAL_CITATION,2630411606,63f57d6e17b22117853350ae0b609387,2019-12-30T00:00:00,POINT (-91.980556 17.509167)
21.216667,-87.183333,2019.0,12.0,21.0,Event,MATERIAL_CITATION,2630411452,45b4a8c36136004bcffb3437bb67d3b0,2019-12-21T00:00:00,POINT (-87.183333 21.216667)
21.201944,-88.791944,2019.0,12.0,21.0,Event,MATERIAL_CITATION,2630410631,460b806d3c89def762e5e7112c47ee35,2019-12-21T00:00:00,POINT (-88.791944 21.201944)
19.01,-90.314444,2019.0,12.0,21.0,Event,MATERIAL_CITATION,2630410552,3580731ab4f8cafc7905de999f42184f,2019-12-21T00:00:00,POINT (-90.314444 19.01)
20.658889,-89.222222,2019.0,12.0,21.0,Event,MATERIAL_CITATION,2630410364,0d36b72453f1a2e33a72e17c92077fd7,2019-12-21T00:00:00,POINT (-89.222222 20.658889)
21.157222,-88.313889,2019.0,12.0,21.0,Event,MATERIAL_CITATION,2630410316,011067f18fcae5772a1216bf2e6535cc,2019-12-21T00:00:00,POINT (-88.313889 21.157222)
21.338611,-88.144444,2019.0,12.0,21.0,Event,MATERIAL_CITATION,2630410210,e3bd37f96604b20ec59417582ea97e4d,2019-12-21T00:00:00,POINT (-88.144444 21.338611)
20.935556,-88.008056,2019.0,12.0,21.0,Event,MATERIAL_CITATION,2630409294,ed94b35e1a1067edc4aa04c5f5ce778d,2019-12-21T00:00:00,POINT (-88.008056 20.935556)
18.849799,-88.341868,2019.0,12.0,21.0,Event,MATERIAL_CITATION,2630408240,e9180937fbbeb2bac1ef9b8e95d949ab,2019-12-21T00:00:00,POINT (-88.341868 18.849799)
20.718889,-88.066389,2019.0,12.0,15.0,Event,MATERIAL_CITATION,2630408211,e38d5dc1ae9f5a9be9962a40e02dadfc,2019-12-15T00:00:00,POINT (-88.066389 20.718889)
21.296111,-88.270833,2019.0,12.0,7.0,Event,MATERIAL_CITATION,2630408014,c05513d6cacaca3e88ee99b23af2e97f,2019-12-07T00:00:00,POINT (-88.270833 21.296111)
21.019444,-88.176389,2019.0,12.0,7.0,Event,MATERIAL_CITATION,2630407696,79fa83c515525f4c586ba6470117826e,2019-12-07T00:00:00,POINT (-88.176389 21.019444)
21.201944,-88.791944,2019.0,12.0,7.0,Event,MATERIAL_CITATION,2630407387,38ff14cf4a5e1be585fb7458fdc3315a,2019-12-07T00:00:00,POINT (-88.791944 21.201944)
15.530556,-93.256944,2019.0,12.0,7.0,Event,MATERIAL_CITATION,2630406648,72105b72e991b566c4105eaaadd9d14b,2019-12-07T00:00:00,POINT (-93.256944 15.530556)
20.935556,-88.008056,2019.0,12.0,7.0,Event,MATERIAL_CITATION,2630406037,bf07c3013a94fd9aeee1221a909be643,2019-12-07T00:00:00,POINT (-88.008056 20.935556)
20.935556,-88.008056,2019.0,12.0,7.0,Event,MATERIAL_CITATION,2630405878,9d99090401df122c29711d6c2af11b8f,2019-12-07T00:00:00,POINT (-88.008056 20.935556)
21.157222,-88.313889,2019.0,12.0,7.0,Event,MATERIAL_CITATION,2630404877,9e1ba93073e01131176d8c464675b649,2019-12-07T00:00:00,POINT (-88.313889 21.157222)
21.296111,-88.270833,2019.0,12.0,7.0,Event,MATERIAL_CITATION,2630404594,62d0eca3d306eaf93aaec7a53f8bd398,2019-12-07T00:00:00,POINT (-88.270833 21.296111)
18.449444,-90.114444,2019.0,12.0,7.0,Event,MATERIAL_CITATION,2630402395,2a4cbfc252f6d416e1cce2d965a62723,2019-12-07T00:00:00,POINT (-90.114444 18.449444)
20.983484,-88.1108,2019.0,11.0,17.0,Event,MATERIAL_CITATION,2630402357,21976e306564e79b26d0aac6afea6752,2019-11-17T00:00:00,POINT (-88.1108 20.983484)
16.251111,-92.134167,2019.0,11.0,17.0,Event,PRESERVED_SPECIMEN,2630401843,4f262fc6d36daa886a07db66f670c40b,2019-11-17T00:00:00,POINT (-92.134167 16.251111)
16.683333,-91.066667,2019.0,11.0,17.0,Event,HUMAN_OBSERVATION,2630399963,213e417e1d56efbdd07836be69892178,2019-11-17T00:00:00,POINT (-91.066667 16.683333)
15.483333,-90.316667,2014.0,4.0,15.0,Event,MATERIAL_CITATION,2630395232,14b2ed5af4433eed850ef7022740bf56,2014-04-15T00:00:00,POINT (-90.316667 15.483333)
20.658889,-89.222222,2019.0,11.0,8.0,Event,MATERIAL_CITATION,2630394227,0bb6d557a63b908f2a7d423059ea77a5,2019-11-08T00:00:00,POINT (-89.222222 20.658889)
15.966667,-93.516667,2019.0,11.0,8.0,Event,HUMAN_OBSERVATION,2630394053,7d92bc4df4845c9018716c42a9fed28e,2019-11-08T00:00:00,POINT (-93.516667 15.966667)
20.359722,-89.770278,2019.0,11.0,8.0,Event,MATERIAL_CITATION,2630392256,0e49b1b4d99bac47c275de7286e80b63,2019-11-08T00:00:00,POINT (-89.770278 20.359722)
15.961667,-93.514167,2019.0,10.0,14.0,Event,PRESERVED_SPECIMEN,2630384051,0a1a339d076c56c93f0eb015f23dc250,2019-10-14T00:00:00,POINT (-93.514167 15.961667)
16.766667,-91.133333,2013.0,5.0,23.0,Event,PRESERVED_SPECIMEN,2630383574,856e294b580c0800b362af2bce72c950,2013-05-23T00:00:00,POINT (-91.133333 16.766667)
18.5,-89.916667,2019.0,6.0,29.0,Event,PRESERVED_SPECIMEN,2630382131,9b90c5a0caab7d0144c103d9890d7ab2,2019-06-29T00:00:00,POINT (-89.916667 18.5)
16.719444,-91.064444,2016.0,3.0,13.0,Event,PRESERVED_SPECIMEN,2630380595,2b8b00a62761a0289a9cd79108055d1c,2016-03-13T00:00:00,POINT (-91.064444 16.719444)
16.120833,-91.816389,2018.0,8.0,19.0,Event,PRESERVED_SPECIMEN,2630375142,baa17306e1c88fcb9a36e31fa290e8f6,2018-08-19T00:00:00,POINT (-91.816389 16.120833)
16.556111,-91.055833,2019.0,10.0,12.0,Event,PRESERVED_SPECIMEN,2630370325,04a40bd1d4ac148595b96cf890b78849,2019-10-12T00:00:00,POINT (-91.055833 16.556111)
21.216667,-87.183333,2019.0,8.0,18.0,Event,PRESERVED_SPECIMEN,2630369533,bf4faeb79a76eb5060cee979b22c8bf7,2019-08-18T00:00:00,POINT (-87.183333 21.216667)
20.359722,-89.770278,2012.0,9.0,20.0,Event,MATERIAL_CITATION,2630367341,fd18eb27a3594784af2e7218b829b2ae,2012-09-20T00:00:00,POINT (-89.770278 20.359722)
20.718889,-88.066389,2019.0,9.0,27.0,Event,MATERIAL_CITATION,2630359462,3874d75d431736c4b8d01ef3025a2351,2019-09-27T00:00:00,POINT (-88.066389 20.718889)
15.266667,-89.083333,2019.0,9.0,27.0,Event,MATERIAL_CITATION,2630359125,f0d65b9a2dc4df591b9d9df5d313693f,2019-09-27T00:00:00,POINT (-89.083333 15.266667)
20.718889,-88.066389,2010.0,4.0,14.0,Event,MATERIAL_CITATION,2630358838,b21fba78b98068a23bb09c5d6d86dc3b,2010-04-14T00:00:00,POINT (-88.066389 20.718889)
21.338611,-88.144444,2011.0,6.0,22.0,Event,MATERIAL_CITATION,2630358632,82332d3b35f88a7d120baa81003349af,2011-06-22T00:00:00,POINT (-88.144444 21.338611)
17.565556,-92.544167,2014.0,5.0,28.0,Event,MATERIAL_CITATION,2630358512,64ac12a439799d2620e662cca1cc220e,2014-05-28T00:00:00,POINT (-92.544167 17.565556)
16.783333,-90.116667,2019.0,8.0,14.0,Event,MATERIAL_CITATION,2630358100,ce4254d27f70a2ab54c27f02e47e7438,2019-08-14T00:00:00,POINT (-90.116667 16.783333)
17.509167,-91.980556,2019.0,8.0,31.0,Event,MATERIAL_CITATION,2630358080,ca30e6f66aad613db89405bfadaedfa9,2019-08-31T00:00:00,POINT (-91.980556 17.509167)
21.353056,-87.049722,2019.0,8.0,31.0,Event,MATERIAL_CITATION,2630355976,a1ffadcf54ae8e462f2b0158a06bceb2,2019-08-31T00:00:00,POINT (-87.049722 21.353056)
20.983484,-88.1108,2019.0,7.0,13.0,Event,MATERIAL_CITATION,2630355407,2ad2defa50a686250f7c62d57f052527,2019-07-13T00:00:00,POINT (-88.1108 20.983484)
21.353056,-87.049722,2019.0,7.0,13.0,Event,MATERIAL_CITATION,2630354453,383feb61eb07c73f7005548b6fe34b95,2019-07-13T00:00:00,POINT (-87.049722 21.353056)
21.142778,-88.148611,2019.0,7.0,13.0,Event,MATERIAL_CITATION,2630353984,c4367d19190d9b1d3cd8eb15a4c36bf1,2019-07-13T00:00:00,POINT (-88.148611 21.142778)
21.142778,-88.148611,2019.0,7.0,13.0,Event,MATERIAL_CITATION,2630353900,ad844487da5c0cf70ad8158bb28ad00c,2019-07-13T00:00:00,POINT (-88.148611 21.142778)
19.01,-90.314444,2019.0,7.0,13.0,Event,MATERIAL_CITATION,2630353410,3a685405adeee3efc77f062566a13449,2019-07-13T00:00:00,POINT (-90.314444 19.01)
16.4,-90.916667,2019.0,8.0,24.0,Event,MATERIAL_CITATION,2630352538,39aa8384107a26cc483efe8dbb4acae7,2019-08-24T00:00:00,POINT (-90.916667 16.4)
20.718889,-88.066389,2019.0,8.0,24.0,Event,MATERIAL_CITATION,2630351600,5c03060bf304f0e504a06df366578bae,2019-08-24T00:00:00,POINT (-88.066389 20.718889)
19.841944,-90.531667,2014.0,7.0,4.0,Event,MATERIAL_CITATION,2630351553,4fd650acdccbd428df236764438d24d2,2014-07-04T00:00:00,POINT (-90.531667 19.841944)
16.251111,-92.134167,2019.0,1.0,6.0,Event,MATERIAL_CITATION,2630351277,e69b468f9a30afc965053192f0f8a4fd,2019-01-06T00:00:00,POINT (-92.134167 16.251111)
15.530556,-93.256944,2019.0,1.0,13.0,Event,MATERIAL_CITATION,2630351098,bf25ca7b8f2375bbc94a61599916b9f1,2019-01-13T00:00:00,POINT (-93.256944 15.530556)
19.457778,-89.728611,2017.0,11.0,13.0,Event,MATERIAL_CITATION,2630350637,5d1d602ca405bc31465535a021a634ec,2017-11-13T00:00:00,POINT (-89.728611 19.457778)
21.019444,-88.176389,2017.0,11.0,25.0,Event,MATERIAL_CITATION,2630350289,30a3f03a0a023c5b352d9310f5a3e6e2,2017-11-25T00:00:00,POINT (-88.176389 21.019444)
16.798611,-91.105556,2018.0,12.0,23.0,Event,MATERIAL_CITATION,2630350126,0e417fc3b06ddc8686f3c05a0f0d8d94,2018-12-23T00:00:00,POINT (-91.105556 16.798611)
20.991389,-87.785556,2013.0,5.0,3.0,Event,MATERIAL_CITATION,2630349300,161f88212dca00036dfa2fd10f19a040,2013-05-03T00:00:00,POINT (-87.785556 20.991389)
18.458852,-88.940349,2013.0,4.0,5.0,Event,MATERIAL_CITATION,2630349198,00b6d9cd145dc0f912f428142c34f3f2,2013-04-05T00:00:00,POINT (-88.940349 18.458852)
15.616667,-92.8,2009.0,7.0,23.0,Event,HUMAN_OBSERVATION,2630346214,fa347dacd95a2f51bad9f12f64186e49,2009-07-23T00:00:00,POINT (-92.8 15.616667)
15.116667,-92.8,2019.0,6.0,23.0,Event,HUMAN_OBSERVATION,2630346055,3c68c970f12e70307ea74b768c243b6d,2019-06-23T00:00:00,POINT (-92.8 15.116667)
18.449444,-90.114444,2019.0,6.0,23.0,Event,PRESERVED_SPECIMEN,2630345911,d77d739bbd4ec7bf5574e96bc13ba806,2019-06-23T00:00:00,POINT (-90.114444 18.449444)
16.976389,-93.666667,2019.0,6.0,18.0,Event,PRESERVED_SPECIMEN,2630345353,3c16c67664ba03f18a89aa45b78cc186,2019-06-18T00:00:00,POINT (-93.666667 16.976389)
15.733333,-93.466667,2019.0,6.0,18.0,Event,HUMAN_OBSERVATION,2630344994,4dbeb2a68ce22a1e538e08e370247741,2019-06-18T00:00:00,POINT (-93.466667 15.733333)
16.933333,-93.666667,2014.0,4.0,4.0,Event,HUMAN_OBSERVATION,2630344098,bf836c0588fa4c8b2efef41416badc19,2014-04-04T00:00:00,POINT (-93.666667 16.933333)
18.650833,-90.280278,2014.0,8.0,4.0,Event,MATERIAL_CITATION,2630342263,143d6165095e771d0d087c965578624f,2014-08-04T00:00:00,POINT (-90.280278 18.650833)
16.316667,-93.883333,2019.0,5.0,28.0,Event,HUMAN_OBSERVATION,2630341135,77785613414251c8d268457bb06f45d4,2019-05-28T00:00:00,POINT (-93.883333 16.316667)
16.1,-90.933333,2019.0,5.0,28.0,Event,HUMAN_OBSERVATION,2630341089,42b5040645e35b9487a4c9e1efdf50cb,2019-05-28T00:00:00,POINT (-90.933333 16.1)
17.509167,-91.980556,2019.0,5.0,28.0,Event,PRESERVED_SPECIMEN,2630340461,ced676ffdac412e6fc17577422a268f0,2019-05-28T00:00:00,POINT (-91.980556 17.509167)
15.55,-93.25,2019.0,6.0,3.0,Event,HUMAN_OBSERVATION,2630340011,12f00316fa2a62056f59d65033387727,2019-06-03T00:00:00,POINT (-93.25 15.55)
16.766667,-91.133333,2019.0,5.0,30.0,Event,PRESERVED_SPECIMEN,2630331101,c7d4a68750ec758b06dc6131e28a2186,2019-05-30T00:00:00,POINT (-91.133333 16.766667)
16.815278,-91.115278,2019.0,5.0,31.0,Event,PRESERVED_SPECIMEN,2630328508,eb083c69d87c4faf88e016eac6ef6fa1,2019-05-31T00:00:00,POINT (-91.115278 16.815278)
18.503603,-88.305305,2019.0,5.0,16.0,,PRESERVED_SPECIMEN,2630252963,96a88dac6aca81ca22c4b274da292dbf,2019-05-16T00:00:00,POINT (-88.305305 18.503603)
16.265856,-90.822086,2019.0,4.0,30.0,Event,HUMAN_OBSERVATION,2629808318,b752f8f289ec7b0f268ec8ab10944fc7,2019-04-30T00:00:00,POINT (-90.822086 16.265856)
16.110681,-90.888961,2019.0,4.0,30.0,Event,HUMAN_OBSERVATION,2629807316,a6c0cc7e8e05971063cd458ed4ba5d72,2019-04-30T00:00:00,POINT (-90.888961 16.110681)
16.104983,-90.888525,2019.0,4.0,30.0,Event,HUMAN_OBSERVATION,2629807310,2e297d22d4af0d4d45338024a458f4da,2019-04-30T00:00:00,POINT (-90.888525 16.104983)
16.10815,-90.891689,2019.0,4.0,30.0,Event,HUMAN_OBSERVATION,2629807308,2ece485c29aaa361b3000ca70a5bc80d,2019-04-30T00:00:00,POINT (-90.891689 16.10815)
18.6066,-90.734398,2013.0,12.0,28.0,Event,PRESERVED_SPECIMEN,2629085638,212bc514f6d29e10ce74736c818752ea,2013-12-28T00:00:00,POINT (-90.734398 18.6066)
11.29,-85.76,2019.0,2.0,4.0,,PRESERVED_SPECIMEN,2629043783,64a7ac5b3433953812647c19d20a4109,2019-02-04T00:00:00,POINT (-85.76 11.29)
11.9824,-83.79,2019.0,2.0,4.0,,PRESERVED_SPECIMEN,2629043768,6a968d32d6b94fa94289247b84046063,2019-02-04T00:00:00,POINT (-83.79 11.9824)
14.09,-84.54,2019.0,2.0,4.0,,PRESERVED_SPECIMEN,2629043668,fbc47c667d314bbdbc306c2608f92be1,2019-02-04T00:00:00,POINT (-84.54 14.09)
12.91,-87.5,2019.0,1.0,29.0,,PRESERVED_SPECIMEN,2629043663,755a9018254c8b6f598b8635502c359c,2019-01-29T00:00:00,POINT (-87.5 12.91)
10.9197,-85.0146,2019.0,1.0,29.0,,PRESERVED_SPECIMEN,2629043484,08353198cc55c65471bf4177ee409026,2019-01-29T00:00:00,POINT (-85.0146 10.9197)
13.3771,-83.5997,2018.0,12.0,2.0,,PRESERVED_SPECIMEN,2629043313,0e15376bb331e7c0d44e3f9c969d219e,2018-12-02T00:00:00,POINT (-83.5997 13.3771)
17.120105,-88.899737,2016.0,12.0,7.0,,HUMAN_OBSERVATION,2597849349,https://www.inaturalist.org/observations/41458447,2016-12-07T00:00:00,POINT (-88.899737 17.120105)
17.018478,-88.933626,2019.0,1.0,8.0,,HUMAN_OBSERVATION,2597727433,https://www.inaturalist.org/observations/41484127,2019-01-08T00:00:00,POINT (-88.933626 17.018478)
16.876258,-90.855489,2019.0,1.0,8.0,,HUMAN_OBSERVATION,2596050451,https://www.inaturalist.org/observations/40466914,2019-01-08T00:00:00,POINT (-90.855489 16.876258)
20.274455,-87.453163,2019.0,1.0,8.0,,HUMAN_OBSERVATION,2580214122,https://www.inaturalist.org/observations/40221912,2019-01-08T00:00:00,POINT (-87.453163 20.274455)
16.060482,-93.534311,2018.0,12.0,31.0,,HUMAN_OBSERVATION,2574103847,https://www.inaturalist.org/observations/38206118,2018-12-31T00:00:00,POINT (-93.534311 16.060482)
10.651345,-85.614037,2018.0,12.0,31.0,,HUMAN_OBSERVATION,2574073883,https://www.inaturalist.org/observations/22251857,2018-12-31T00:00:00,POINT (-85.614037 10.651345)
10.563141,-83.589544,2018.0,12.0,31.0,,HUMAN_OBSERVATION,2574012181,https://www.inaturalist.org/observations/38720472,2018-12-31T00:00:00,POINT (-83.589544 10.563141)
10.843254,-85.594155,2015.0,4.0,30.0,,HUMAN_OBSERVATION,2573903209,https://www.inaturalist.org/observations/32979780,2015-04-30T00:00:00,POINT (-85.594155 10.843254)
16.703825,-88.596299,2017.0,3.0,23.0,,HUMAN_OBSERVATION,2563656488,https://www.inaturalist.org/observations/38133020,2017-03-23T00:00:00,POINT (-88.596299 16.703825)
10.724513,-83.692092,2016.0,2.0,20.0,,HUMAN_OBSERVATION,2563612768,https://www.inaturalist.org/observations/38015153,2016-02-20T00:00:00,POINT (-83.692092 10.724513)
21.417905,-87.944163,2018.0,11.0,27.0,,HUMAN_OBSERVATION,2550155026,https://www.inaturalist.org/observations/37441781,2018-11-27T00:00:00,POINT (-87.944163 21.417905)
21.567565,-87.911047,2017.0,3.0,10.0,,HUMAN_OBSERVATION,2550139994,https://www.inaturalist.org/observations/37441782,2017-03-10T00:00:00,POINT (-87.911047 21.567565)
21.534543,-87.86009,2012.0,8.0,24.0,,HUMAN_OBSERVATION,2550018281,https://www.inaturalist.org/observations/37443077,2012-08-24T00:00:00,POINT (-87.86009 21.534543)
10.523513,-83.45907,2008.0,7.0,29.0,,HUMAN_OBSERVATION,2460085877,https://www.inaturalist.org/observations/35812470,2008-07-29T00:00:00,POINT (-83.45907 10.523513)
10.231784,-83.378839,2008.0,7.0,15.0,,HUMAN_OBSERVATION,2447834230,https://www.inaturalist.org/observations/29727309,2008-07-15T00:00:00,POINT (-83.378839 10.231784)
16.724076,-88.482624,2008.0,8.0,11.0,,HUMAN_OBSERVATION,2447831748,https://www.inaturalist.org/observations/27855693,2008-08-11T00:00:00,POINT (-88.482624 16.724076)
16.658401,-88.421148,2008.0,7.0,13.0,,HUMAN_OBSERVATION,2447826847,https://www.inaturalist.org/observations/20562750,2008-07-13T00:00:00,POINT (-88.421148 16.658401)
16.115053,-90.944832,2008.0,7.0,27.0,,HUMAN_OBSERVATION,2447826032,https://www.inaturalist.org/observations/18767085,2008-07-27T00:00:00,POINT (-90.944832 16.115053)
17.293074,-91.585782,2008.0,8.0,11.0,,HUMAN_OBSERVATION,2444990493,https://www.inaturalist.org/observations/34548994,2008-08-11T00:00:00,POINT (-91.585782 17.293074)
8.839019,-83.488668,2008.0,7.0,4.0,,HUMAN_OBSERVATION,2429513308,https://www.inaturalist.org/observations/34097557,2008-07-04T00:00:00,POINT (-83.488668 8.839019)
17.6936,-88.715301,2008.0,7.0,14.0,,HUMAN_OBSERVATION,2429342896,https://www.inaturalist.org/observations/33740069,2008-07-14T00:00:00,POINT (-88.715301 17.6936)
10.445335,-83.542163,2008.0,7.0,5.0,,HUMAN_OBSERVATION,2429269579,https://www.inaturalist.org/observations/33477041,2008-07-05T00:00:00,POINT (-83.542163 10.445335)
16.71614,-88.411291,2008.0,7.0,6.0,,HUMAN_OBSERVATION,2423068508,https://www.inaturalist.org/observations/32717963,2008-07-06T00:00:00,POINT (-88.411291 16.71614)
17.523178,-90.975579,2008.0,8.0,11.0,,HUMAN_OBSERVATION,2423008014,https://www.inaturalist.org/observations/32492312,2008-08-11T00:00:00,POINT (-90.975579 17.523178)
16.458111,-88.528321,2008.0,8.0,4.0,,HUMAN_OBSERVATION,2350340056,https://www.inaturalist.org/observations/30486068,2008-08-04T00:00:00,POINT (-88.528321 16.458111)
10.485827,-83.548784,2008.0,7.0,3.0,,HUMAN_OBSERVATION,2311354020,https://www.inaturalist.org/observations/29715565,2008-07-03T00:00:00,POINT (-83.548784 10.485827)
10.568895,-83.40461,2008.0,8.0,4.0,,HUMAN_OBSERVATION,2294462745,https://www.inaturalist.org/observations/28697096,2008-08-04T00:00:00,POINT (-83.40461 10.568895)
15.182804,-84.942446,2008.0,8.0,16.0,,HUMAN_OBSERVATION,2283172815,https://www.inaturalist.org/observations/28247992,2008-08-16T00:00:00,POINT (-84.942446 15.182804)
16.177803,-90.939472,2009.0,6.0,6.0,,HUMAN_OBSERVATION,2265895700,https://www.inaturalist.org/observations/26887287,2009-06-06T00:00:00,POINT (-90.939472 16.177803)
16.107773,-90.831084,1994.0,4.0,24.0,,HUMAN_OBSERVATION,2265894255,https://www.inaturalist.org/observations/26887280,1994-04-24T00:00:00,POINT (-90.831084 16.107773)
16.160102,-90.809754,1939.0,3.0,10.0,,HUMAN_OBSERVATION,2265893677,https://www.inaturalist.org/observations/26887286,1939-03-10T00:00:00,POINT (-90.809754 16.160102)
16.716117,-88.442057,2004.0,4.0,2.0,,HUMAN_OBSERVATION,2252007442,https://www.inaturalist.org/observations/26218340,2004-04-02T00:00:00,POINT (-88.442057 16.716117)
16.984143,-90.995184,2012.0,4.0,21.0,,HUMAN_OBSERVATION,2251878638,https://www.inaturalist.org/observations/25715897,2012-04-21T00:00:00,POINT (-90.995184 16.984143)
17.940611,-89.410038,1985.0,9.0,30.0,,HUMAN_OBSERVATION,2242993615,https://www.inaturalist.org/observations/25135866,1985-09-30T00:00:00,POINT (-89.410038 17.940611)
10.50904,-83.536003,1986.0,6.0,10.0,,HUMAN_OBSERVATION,2236857888,https://www.inaturalist.org/observations/22419536,1986-06-10T00:00:00,POINT (-83.536003 10.50904)
10.424067,-83.563265,2003.0,4.0,20.0,,HUMAN_OBSERVATION,2028492000,https://www.inaturalist.org/observations/21380549,2003-04-20T00:00:00,POINT (-83.563265 10.424067)
17.517177,-89.180308,1994.0,4.0,24.0,,HUMAN_OBSERVATION,2013007601,https://www.inaturalist.org/observations/20985388,1994-04-24T00:00:00,POINT (-89.180308 17.517177)
16.706172,-88.536941,2017.0,7.0,22.0,,HUMAN_OBSERVATION,2012955214,https://www.inaturalist.org/observations/20581140,2017-07-22T00:00:00,POINT (-88.536941 16.706172)
16.634071,-88.407512,2018.0,6.0,29.0,,HUMAN_OBSERVATION,2012955208,https://www.inaturalist.org/observations/20581121,2018-06-29T00:00:00,POINT (-88.407512 16.634071)
16.873631,-90.800666,2018.0,4.0,2.0,,HUMAN_OBSERVATION,2005289645,https://www.inaturalist.org/observations/20212288,2018-04-02T00:00:00,POINT (-90.800666 16.873631)
10.947836,-85.64662,2015.0,8.0,15.0,,HUMAN_OBSERVATION,2005270330,https://www.inaturalist.org/observations/17841690,2015-08-15T00:00:00,POINT (-85.64662 10.947836)
20.697432,-87.09257,2014.0,9.0,2.0,,HUMAN_OBSERVATION,1993711536,https://www.inaturalist.org/observations/18861631,2014-09-02T00:00:00,POINT (-87.09257 20.697432)
19.190784,-88.500224,2008.0,11.0,6.0,,HUMAN_OBSERVATION,1993711373,https://www.inaturalist.org/observations/18796355,2008-11-06T00:00:00,POINT (-88.500224 19.190784)
12.2090726,-84.2864039,2014.0,2.0,9.0,,PRESERVED_SPECIMEN,1987321691,b821d206-6075-4d8a-a70a-fe3022b127f7,2014-02-09T00:00:00,POINT (-84.2864039 12.2090726)
20.6808664,-88.5748545,2017.0,10.0,22.0,,PRESERVED_SPECIMEN,1987317004,ae79569e-c81d-41bd-8202-7ff72cdb9334,2017-10-22T00:00:00,POINT (-88.5748545 20.6808664)
16.7579872,-92.1340966,2010.0,9.0,30.0,,PRESERVED_SPECIMEN,1987266815,4a58d869-7568-43d1-ac28-2ad41e941ff7,2010-09-30T00:00:00,POINT (-92.1340966 16.7579872)
20.6808664,-88.5748545,2010.0,9.0,27.0,,PRESERVED_SPECIMEN,1987232743,05a956c1-0bef-4669-abf4-aec6e6af4d12,2010-09-27T00:00:00,POINT (-88.5748545 20.6808664)
21.514746,-87.661293,2017.0,7.0,20.0,,HUMAN_OBSERVATION,1986563666,https://www.inaturalist.org/observations/19379429,2017-07-20T00:00:00,POINT (-87.661293 21.514746)
16.358,-89.125,2016.0,7.0,27.0,,HUMAN_OBSERVATION,197163366,,2016-07-27T00:00:00,POINT (-89.125 16.358)
21.506479,-87.68665,2016.0,7.0,8.0,,HUMAN_OBSERVATION,1949994045,https://www.inaturalist.org/observations/18888710,2016-07-08T00:00:00,POINT (-87.68665 21.506479)
19.067331,-88.41898,2016.0,6.0,30.0,,HUMAN_OBSERVATION,1948765582,https://www.inaturalist.org/observations/18796339,2016-06-30T00:00:00,POINT (-88.41898 19.067331)
16.962825,-90.951132,2016.0,8.0,19.0,,HUMAN_OBSERVATION,1935610604,https://www.inaturalist.org/observations/18146505,2016-08-19T00:00:00,POINT (-90.951132 16.962825)
16.993286,-90.957543,2017.0,1.0,18.0,,HUMAN_OBSERVATION,1931535914,https://www.inaturalist.org/observations/17650216,2017-01-18T00:00:00,POINT (-90.957543 16.993286)
18.071667,-89.058055,2015.0,6.0,25.0,,PRESERVED_SPECIMEN,1898052756,c6679dafa2994bdd61dc0f7461882dba,2015-06-25T00:00:00,POINT (-89.058055 18.071667)
19.389722,-88.074167,2015.0,9.0,9.0,,PRESERVED_SPECIMEN,1898052741,37cca0f2bcc1ff598540ebe696b8e122,2015-09-09T00:00:00,POINT (-88.074167 19.389722)
21.216667,-87.183333,2015.0,5.0,12.0,,PRESERVED_SPECIMEN,1898050701,96b6d9966f7b488d5ee28aa73049aad1,2015-05-12T00:00:00,POINT (-87.183333 21.216667)
16.791667,-91.105972,2015.0,6.0,9.0,,PRESERVED_SPECIMEN,1898050670,1310983961c4e49f71bf6f8a4c70db7d,2015-06-09T00:00:00,POINT (-91.105972 16.791667)
16.903056,-93.463889,2015.0,6.0,6.0,,PRESERVED_SPECIMEN,1898050663,4bdda28cbcc0644eeb1c78c66481aa62,2015-06-06T00:00:00,POINT (-93.463889 16.903056)
16.55,-91.05,2015.0,7.0,7.0,,PRESERVED_SPECIMEN,1898050641,4b98b13952a04b946c01c5089e37d209,2015-07-07T00:00:00,POINT (-91.05 16.55)
21.16257,-87.15108,2015.0,7.0,7.0,Event,HUMAN_OBSERVATION,1897386272,d20c1a281cf868d9547109172936aada,2015-07-07T00:00:00,POINT (-87.15108 21.16257)
21.21016,-87.211,2015.0,6.0,2.0,Event,HUMAN_OBSERVATION,1897386259,b6acbcc10e53334bff671cbfad0b3676,2015-06-02T00:00:00,POINT (-87.211 21.21016)
21.16257,-87.15108,2015.0,7.0,7.0,Event,HUMAN_OBSERVATION,1897386253,814e4c114a4e01de893e17a8b613822c,2015-07-07T00:00:00,POINT (-87.15108 21.16257)
21.17803,-87.16026,2015.0,6.0,5.0,Event,HUMAN_OBSERVATION,1897386252,35ec49fb9a450b7d5698f5f025275f5b,2015-06-05T00:00:00,POINT (-87.16026 21.17803)
21.21018,-87.21096,2015.0,9.0,8.0,Event,HUMAN_OBSERVATION,1897386248,8f6f9314432dbaed9508b644f29a7f2f,2015-09-08T00:00:00,POINT (-87.21096 21.21018)
21.18268,-87.22917,2015.0,9.0,8.0,Event,HUMAN_OBSERVATION,1897386245,9c3a444477b35e755ecf99b449ed3a11,2015-09-08T00:00:00,POINT (-87.22917 21.18268)
21.34573,-87.53378,2015.0,10.0,22.0,,HUMAN_OBSERVATION,1897386190,858f077aa10c51b6e7019037284105f9,2015-10-22T00:00:00,POINT (-87.53378 21.34573)
21.36951,-87.53366,2015.0,8.0,14.0,,HUMAN_OBSERVATION,1897386184,d4cace462595edade1bcc359e12d5e79,2015-08-14T00:00:00,POINT (-87.53366 21.36951)
21.36951,-87.53366,2015.0,7.0,31.0,,HUMAN_OBSERVATION,1897386177,f991d01cc179a567e1a3dea72a8bf964,2015-07-31T00:00:00,POINT (-87.53366 21.36951)
21.33907,-87.62205,2015.0,6.0,24.0,,HUMAN_OBSERVATION,1897386173,dbac02d9eea4925ee00a9ba2a6979f12,2015-06-24T00:00:00,POINT (-87.62205 21.33907)
21.34861,-87.58708,2014.0,8.0,27.0,,HUMAN_OBSERVATION,1897386164,922687dc50b42051c047dc2e53e15d27,2014-08-27T00:00:00,POINT (-87.58708 21.34861)
21.34573,-87.53378,2014.0,8.0,27.0,,HUMAN_OBSERVATION,1897386163,c6ad6ac512b928557d853cf117699c86,2014-08-27T00:00:00,POINT (-87.53378 21.34573)
21.34237,-87.62753,2014.0,9.0,30.0,,HUMAN_OBSERVATION,1897386162,2ec385038772b9718f0b4855266ad985,2014-09-30T00:00:00,POINT (-87.62753 21.34237)
21.33907,-87.62205,2014.0,8.0,16.0,,HUMAN_OBSERVATION,1897386158,b92c2b33bca08bf0de7d62eb261e6f86,2014-08-16T00:00:00,POINT (-87.62205 21.33907)
21.33907,-87.62205,2014.0,8.0,16.0,,HUMAN_OBSERVATION,1897386152,f5e04d59db486a68bca3bfcdc4b1ead3,2014-08-16T00:00:00,POINT (-87.62205 21.33907)
21.34573,-87.53378,2014.0,9.0,24.0,,HUMAN_OBSERVATION,1897386151,355d09c9cf411d04ffccf2fc97336421,2014-09-24T00:00:00,POINT (-87.53378 21.34573)
21.35728,-87.551,2014.0,9.0,21.0,,HUMAN_OBSERVATION,1897386150,b648007d7b7163860aa003e186dfb47f,2014-09-21T00:00:00,POINT (-87.551 21.35728)
21.34573,-87.53378,2014.0,9.0,11.0,,HUMAN_OBSERVATION,1897386149,82a77f4e61da1d4236f63737ee9f56a4,2014-09-11T00:00:00,POINT (-87.53378 21.34573)
21.34573,-87.53378,2014.0,10.0,6.0,,HUMAN_OBSERVATION,1897386148,89595117bf609d476674ae242bd36b8b,2014-10-06T00:00:00,POINT (-87.53378 21.34573)
21.36951,-87.53366,2014.0,10.0,14.0,,HUMAN_OBSERVATION,1897386144,bde4f29e929c3ef7eeba5ba7a7f36641,2014-10-14T00:00:00,POINT (-87.53366 21.36951)
21.33768,-87.57724,2014.0,9.0,24.0,,HUMAN_OBSERVATION,1897386141,fa419aeee5bdbe165b9297dadd8dbfd1,2014-09-24T00:00:00,POINT (-87.57724 21.33768)
21.33907,-87.62205,2014.0,8.0,20.0,,HUMAN_OBSERVATION,1897386140,2eff574f92a941ade64a97a8148e18d3,2014-08-20T00:00:00,POINT (-87.62205 21.33907)
21.35738,-87.5602,2014.0,10.0,14.0,,HUMAN_OBSERVATION,1897386137,25c04a3e2c5cc1e42b6a06f2d3322c67,2014-10-14T00:00:00,POINT (-87.5602 21.35738)
21.36951,-87.53366,2014.0,9.0,30.0,,HUMAN_OBSERVATION,1897386136,0280b52070ba1af6155782c4294d5d00,2014-09-30T00:00:00,POINT (-87.53366 21.36951)
21.3593,-87.61688,2014.0,9.0,21.0,,HUMAN_OBSERVATION,1897386135,799395eb3e25a7965022df3a1c7810ff,2014-09-21T00:00:00,POINT (-87.61688 21.3593)
21.36761,-87.58015,2014.0,10.0,25.0,,HUMAN_OBSERVATION,1897386133,0f06dfa7b0b3df6b7954a2e52f790728,2014-10-25T00:00:00,POINT (-87.58015 21.36761)
21.33084,-87.59589,2014.0,8.0,20.0,,HUMAN_OBSERVATION,1897386131,ba9c6f64d3c57750440a3472b2c7b5a0,2014-08-20T00:00:00,POINT (-87.59589 21.33084)
21.33564,-87.61134,2014.0,9.0,20.0,,HUMAN_OBSERVATION,1897386130,08c17f2375193e623a47d6c3c5d19684,2014-09-20T00:00:00,POINT (-87.61134 21.33564)
21.36951,-87.53366,2014.0,9.0,24.0,,HUMAN_OBSERVATION,1897386128,78331f4b34ad4444e9e50b08b9f3b9b3,2014-09-24T00:00:00,POINT (-87.53366 21.36951)
21.34861,-87.58708,2014.0,10.0,9.0,,HUMAN_OBSERVATION,1897386125,3287a279a5d868f04644f7baba5ec4ee,2014-10-09T00:00:00,POINT (-87.58708 21.34861)
21.36951,-87.53366,2014.0,9.0,24.0,,HUMAN_OBSERVATION,1897386123,5e13b01e531e3936fb073833fefdaad4,2014-09-24T00:00:00,POINT (-87.53366 21.36951)
21.36951,-87.53366,2014.0,10.0,11.0,,HUMAN_OBSERVATION,1897386122,6ff198c6639d253dd6e8fab2dbe94476,2014-10-11T00:00:00,POINT (-87.53366 21.36951)
21.34861,-87.58708,2014.0,9.0,28.0,,HUMAN_OBSERVATION,1897386121,48057ed842494853ae8c594e55313949,2014-09-28T00:00:00,POINT (-87.58708 21.34861)
21.34573,-87.53378,2014.0,9.0,14.0,,HUMAN_OBSERVATION,1897386120,42f0eeb2a2713c6815f0f5af5687f65c,2014-09-14T00:00:00,POINT (-87.53378 21.34573)
21.36778,-87.60232,2014.0,9.0,20.0,,HUMAN_OBSERVATION,1897386118,e21e7dd4fb6985486fdb8c6295ab8bda,2014-09-20T00:00:00,POINT (-87.60232 21.36778)
21.34861,-87.58708,2014.0,9.0,21.0,,HUMAN_OBSERVATION,1897386117,21f95374971a7f5f7454d2a6bad61fbf,2014-09-21T00:00:00,POINT (-87.58708 21.34861)
21.36778,-87.60232,2014.0,10.0,9.0,,HUMAN_OBSERVATION,1897386116,b5da16195c0a5ebea9ce48640da47d5e,2014-10-09T00:00:00,POINT (-87.60232 21.36778)
21.34573,-87.53378,2014.0,8.0,16.0,,HUMAN_OBSERVATION,1897386115,011370bd885553fd580bcfde6f3375b0,2014-08-16T00:00:00,POINT (-87.53378 21.34573)
21.3327,-87.5549,2010.0,2.0,9.0,,HUMAN_OBSERVATION,1897386111,1b191fb9f253366537e638c01ed8371d,2010-02-09T00:00:00,POINT (-87.5549 21.3327)
21.36951,-87.53366,2008.0,7.0,8.0,,HUMAN_OBSERVATION,1897386107,6ff170aa40a5fea5c0cc5b50d951e2d1,2008-07-08T00:00:00,POINT (-87.53366 21.36951)
21.36761,-87.58015,2008.0,7.0,26.0,,HUMAN_OBSERVATION,1897386106,705b28e8f10b4ef0da534fb87eda50c5,2008-07-26T00:00:00,POINT (-87.58015 21.36761)
21.34861,-87.58708,2008.0,7.0,29.0,,HUMAN_OBSERVATION,1897386105,786e62a82aa8d7bbc82f4eed89ad68d8,2008-07-29T00:00:00,POINT (-87.58708 21.34861)
21.3593,-87.61688,2008.0,8.0,4.0,,HUMAN_OBSERVATION,1897386099,3223ce75a916b75eb1d119f872e847f5,2008-08-04T00:00:00,POINT (-87.61688 21.3593)
21.34573,-87.53378,2008.0,7.0,5.0,,HUMAN_OBSERVATION,1897386095,718c070a0d093a462f0ce1db075f55db,2008-07-05T00:00:00,POINT (-87.53378 21.34573)
21.33907,-87.62205,2008.0,7.0,15.0,,HUMAN_OBSERVATION,1897386093,02d4d8f470512b6a49c348a10a350062,2008-07-15T00:00:00,POINT (-87.62205 21.33907)
18.386748,-89.344566,2008.0,7.0,3.0,Event,HUMAN_OBSERVATION,1897385238,925246ac6c12402abba504dcb80f1dba,2008-07-03T00:00:00,POINT (-89.344566 18.386748)
17.525,-91.991667,2008.0,8.0,16.0,Event,FOSSIL_SPECIMEN,1895694027,1547f9ebb7ae19ae3e6890a67ad3ced4,2008-08-16T00:00:00,POINT (-91.991667 17.525)
18.457778,-88.927778,1995.0,12.0,6.0,Event,MATERIAL_CITATION,1895618384,f30295cc6ad098532f1c712f355d9dc5,1995-12-06T00:00:00,POINT (-88.927778 18.457778)
15.441667,-92.891667,2012.0,1.0,3.0,Event,MATERIAL_CITATION,1895618358,c238d780e40df39764c3cbbbe1cb111e,2012-01-03T00:00:00,POINT (-92.891667 15.441667)
16.1,-90.933333,1964.0,12.0,15.0,Event,MATERIAL_CITATION,1895618350,f042792cb88f8822650f43fc0aee4b9d,1964-12-15T00:00:00,POINT (-90.933333 16.1)
15.301389,-92.720556,2014.0,10.0,19.0,Event,MATERIAL_CITATION,1895618349,a21c3baf460b4b4e4e27946258a9e6e1,2014-10-19T00:00:00,POINT (-92.720556 15.301389)
17.914167,-89.690278,2014.0,7.0,2.0,Event,MATERIAL_CITATION,1895618342,d5f8623d81bfbc8945624d8802358559,2014-07-02T00:00:00,POINT (-89.690278 17.914167)
16.086389,-93.755,2014.0,3.0,29.0,Event,MATERIAL_CITATION,1895618341,a7b031779bdddebaf26a35808a5243f4,2014-03-29T00:00:00,POINT (-93.755 16.086389)
